VH Sequence,0,1,2,3,4,5,6,7,8,9,10,11,12,13,14,15,16,17,18,19,20,21,22,23,24,25,26,27,28,29,30,31,32,33,34,35,36,37,38,39,40,41,42,43,44,45,46,47,48,49,50,51,52,53,54,55,56,57,58,59,60,61,62,63
QVQLVQSGAEVKKPGASVKVSCKASGYTFTDYYMHWVRQAPGQGLEWMGRVNPNKGGTTYNQKFEGRVTMTTDTSTSTAYMELRSLRSDDTAVYYCARANSLDDWGQGTTVTVSS,0.027014757,0.16489767,-0.095397174,-0.9581415,-0.010078462,-0.23682684,0.064692825,0.24356002,0.29317343,-0.37720513,0.18047974,0.24895379,-0.011855887,-0.20144628,-0.097285934,-0.060844127,-0.8710741,0.038647495,0.18864621,-0.75777566,-0.08024597,0.3699246,-0.39469913,-0.23024002,0.10849292,-0.068474494,-0.11557041,0.06676125,0.6016522,-0.5032,0.1912355,0.33502766,0.29666397,-0.19248246,0.68109494,0.08131322,-0.26381356,0.05450864,0.107963555,-0.13359949,0.035457205,0.2886605,0.005276659,-0.030930463,-0.15012932,0.1926364,-0.9138169,-0.35993198,0.19982226,0.25423664,0.4472809,0.05076677,-0.024227954,-0.06831435,0.12082429,0.000617871,0.048373815,-0.027283398,-0.032088526,0.32584253,-0.16834225,-0.04728465,0.51423496,-0.02711218
QVQLVQSGAEVKKPGASVKVSCKASGYTFTDYVMHWVRQAPGQGLEWMGKVNPNGRGTTYNQKFEGRVTMTTDTSTSTAYMELRSLRSDDTAVYYCARSNLLDDWGQGTTVTVSS,0.03168811,0.17015405,-0.09188622,-0.95644,-0.007127803,-0.22493401,0.059931196,0.2441799,0.28692392,-0.37375185,0.18745534,0.24705945,-0.015109482,-0.18748114,-0.10789943,-0.06522343,-0.8687046,0.038498517,0.18591385,-0.7531809,-0.07250865,0.3617435,-0.38762018,-0.23028977,0.10378439,-0.06962871,-0.12216142,0.07115285,0.58477765,-0.4968965,0.18898535,0.3362181,0.29129356,-0.18172146,0.6970671,0.07153099,-0.26507944,0.05707448,0.10823705,-0.13033354,0.037342764,0.28617877,-0.000298406,-0.03337065,-0.15884541,0.18848576,-0.91718054,-0.3575196,0.20130289,0.2531517,0.44507194,0.052689116,-0.024375997,-0.06840584,0.123497635,-0.001854528,0.056059048,-0.03786624,-0.033361826,0.32638767,-0.16695695,-0.047699783,0.49619153,-0.02735365
QVQLVQSGAEVKKPGASVKVSCKASGYTFTDYYMHWVRQAPGQGLEWMGRVNPNGAGTTYNQKFEGRVTMTTDTSTSTAYMELRSLRSDDTAVYYCARANLLDYWGQGTTVTVSS,0.03425684,0.1655292,-0.103984416,-0.95461065,-0.012372092,-0.24887098,0.06680387,0.2374702,0.29738808,-0.37266755,0.1723285,0.2540335,-0.009524461,-0.21034399,-0.09972158,-0.063496664,-0.8753312,0.039604608,0.19337144,-0.7563394,-0.0784812,0.3679266,-0.40525788,-0.22512087,0.11306549,-0.07150448,-0.116061606,0.0596951,0.59792936,-0.5210956,0.18837832,0.34225,0.30352795,-0.19488858,0.6822268,0.079458624,-0.25778097,0.055376593,0.10317032,-0.1393617,0.03120087,0.28932232,0.009059006,-0.0275613,-0.14297903,0.19760177,-0.9141769,-0.36079577,0.19871216,0.26100215,0.42676926,0.051322512,-0.02426728,-0.06828633,0.120127864,0.003423695,0.05239091,-0.027933259,-0.027515033,0.32641605,-0.17203547,-0.048920065,0.52393293,-0.030801384
QVQLVQSGAEVKKPGASVKVSCKASGYTFTDYYMHWVRQAPGQGLEWMGKVNPNKRGTTYNQKFEGRVTMTTDTSTSTAYMELRSLRSDDTAVYYCARSNALDAWGQGTTVTVSS,0.022239093,0.16251741,-0.0911776,-0.9600291,-0.009571217,-0.21463124,0.061274603,0.24168593,0.28699276,-0.37947592,0.1888371,0.24372244,-0.016297877,-0.19400765,-0.10840165,-0.060999155,-0.8682803,0.036609817,0.1869396,-0.7549665,-0.081439845,0.3665769,-0.37879792,-0.23510665,0.10455699,-0.06706034,-0.122844025,0.0608509,0.5904637,-0.49010095,0.18644454,0.33397555,0.29140797,-0.1946235,0.6865859,0.082720086,-0.26788333,0.05618078,0.11121434,-0.13587962,0.03769472,0.29257455,0.007587887,-0.030589651,-0.14946066,0.1897886,-0.916341,-0.35978353,0.20145553,0.25285488,0.4616063,0.04964883,-0.025306638,-0.06556681,0.1231654,0.000266081,0.047522616,-0.032878328,-0.03184936,0.32018358,-0.16499892,-0.04788735,0.5021315,-0.02421633
QVQLVQSGAEVKKPGASVKVSCKASGYTFTDYYMHWVRQAPGQGLEWMGRVNPNAGGTTYNQKFEGRVTMTTDTSTSTAYMELRSLRSDDTAVYYCARSNGLDDWGQGTTVTVSS,0.034249656,0.16786826,-0.09622926,-0.9568286,-0.008828342,-0.26177865,0.06664775,0.24194746,0.29872683,-0.37848848,0.17439845,0.25258973,-0.00714185,-0.21498731,-0.09373515,-0.06181443,-0.87612164,0.0395979,0.1925826,-0.76141226,-0.07655826,0.37185225,-0.41088656,-0.22563633,0.112337254,-0.071474336,-0.1113778,0.06787143,0.60592926,-0.5168998,0.1959352,0.3410256,0.30517703,-0.19729699,0.6833321,0.07875475,-0.26020673,0.055628195,0.10727931,-0.13569209,0.032977603,0.2909772,0.007727584,-0.031208789,-0.14831655,0.19911996,-0.9111922,-0.359462,0.1980726,0.2573549,0.42886004,0.052476056,-0.025411014,-0.06799776,0.11871841,0.000868567,0.048178025,-0.022841414,-0.030682638,0.3276849,-0.17060216,-0.048794124,0.5230218,-0.03246225
QVQLVQSGAEVKKPGASVKVSCKASGYTFTDYYMHWVRQAPGQGLEWMGRVNPNGRGTTYNQKFEGRVTMTTDTSTSTAYMELRSLRSDDTAVYYCARSNALDAWGQGTTVTVSS,0.037547417,0.1716515,-0.09853425,-0.9588422,-0.011785169,-0.25111908,0.061967436,0.23768644,0.30111092,-0.37021536,0.17628652,0.25129318,-0.011130762,-0.21267639,-0.0984641,-0.06242311,-0.8730749,0.04086231,0.18936458,-0.7607744,-0.07807822,0.36795655,-0.39157188,-0.21776193,0.11142098,-0.070478484,-0.11205433,0.07075619,0.59761554,-0.5078833,0.19121873,0.33954498,0.2963429,-0.18978879,0.6806975,0.078612804,-0.2609312,0.055195294,0.10671827,-0.13620314,0.030754125,0.28376094,0.007374857,-0.030338375,-0.14846231,0.1940137,-0.9141406,-0.35673353,0.19496666,0.2565083,0.42743906,0.05201959,-0.024937607,-0.068689846,0.117651716,0.001194842,0.04866895,-0.023251995,-0.031687506,0.32667583,-0.17228256,-0.04785065,0.5149181,-0.029540097
QVQLVQSGAEVKKPGASVKVSCKASGYTFTDYYMHWVRQAPGQGLEWMGRVNPNTRSTTYNQKFEGRVTMTTDTSTSTAYMELRSLRSDDTAVYYCARSNALDAWGQGTTVTVSS,0.037024524,0.16642496,-0.09773074,-0.96112996,-0.012274379,-0.25236025,0.062110785,0.22310464,0.30651805,-0.36855245,0.16703476,0.24251793,-0.01297204,-0.21875814,-0.0985877,-0.062119804,-0.8864644,0.039081056,0.19491714,-0.7612135,-0.07952894,0.36359107,-0.38246652,-0.21910699,0.10777198,-0.07408133,-0.108396836,0.06802103,0.57820743,-0.504569,0.1819189,0.34303275,0.28988308,-0.18986034,0.67464966,0.07407799,-0.27046174,0.06259873,0.10502372,-0.14272048,0.028800223,0.28337184,0.011552614,-0.02725555,-0.15000418,0.18538183,-0.91502714,-0.35461947,0.18156576,0.26578444,0.42678776,0.048467387,-0.02629792,-0.06868224,0.11376853,0.002855396,0.04971438,-0.025400179,-0.028442325,0.31513366,-0.16652884,-0.050759163,0.518974,-0.028445885
QVQLVQSGAEVKKPGASVKVSCKASGYTFTDYYMHWVRQAPGQGLEWMGRVNPNGRGTTYNQKFEGRVTMTTDTSTSTAYMELRSLRSDDTAVYYCARSNGLDYWGQGTTVTVSS,0.036635917,0.17324343,-0.10208363,-0.9576348,-0.012107944,-0.25420952,0.063059136,0.24090956,0.2987576,-0.37551507,0.17446683,0.2553196,-0.011041769,-0.2204702,-0.099566445,-0.063175656,-0.87300473,0.041597165,0.19079341,-0.7656237,-0.078728445,0.37159184,-0.39548197,-0.21669382,0.11438205,-0.07035261,-0.11105254,0.073344,0.60711026,-0.5120476,0.19511269,0.33305448,0.29871708,-0.19093019,0.6789327,0.07954757,-0.2612539,0.054390185,0.10923543,-0.13565196,0.03204104,0.28536955,0.004480102,-0.03299221,-0.14652552,0.19966744,-0.91528356,-0.35558704,0.19871867,0.25567555,0.4282715,0.053224154,-0.025979215,-0.06901052,0.121337175,-0.000674759,0.04850247,-0.018998725,-0.03364459,0.32822067,-0.17256641,-0.047403254,0.5167183,-0.029566593
QVQLVQSGAEVKKPGASVKVSCKASGYTFTDYYMHWVRQAPGQGLEWMGRVNPNGRGTTYNQKFEGRVTMTTDTSTSTAYMELRSLRSDDTAVYYCARSNLLDDWGQGTTVTVSS,0.0367721,0.1707042,-0.09998955,-0.95833015,-0.01232835,-0.25134248,0.062291633,0.23768264,0.29942447,-0.37139702,0.1749516,0.25251025,-0.011700788,-0.21086918,-0.09747286,-0.062440544,-0.8738077,0.041077796,0.18910553,-0.76224273,-0.0787571,0.36992234,-0.39358354,-0.21722567,0.1120544,-0.07103651,-0.11168537,0.073207475,0.6003535,-0.5082356,0.19102992,0.33547574,0.29415092,-0.18717673,0.6807421,0.079484954,-0.26173854,0.0548439,0.107344136,-0.13406548,0.03242393,0.28205907,0.004683602,-0.031225435,-0.14899476,0.1921186,-0.9146101,-0.35538948,0.19553012,0.25441977,0.4282554,0.051870774,-0.024804657,-0.068911396,0.11929487,0.000718932,0.050724123,-0.022483718,-0.03240146,0.3270462,-0.17101207,-0.046756227,0.5154523,-0.027433185
QVQLVQSGAEVKKPGASVKVSCKASGYTFTDYYMHWVRQAPGQGLEWMGRVNPNREDTTYNQKFEGRVTMTTDTSTSTAYMELRSLRSDDTAVYYCARANLLDDWGQGTTVTVSS,0.027080921,0.16269472,-0.101677604,-0.9602953,-0.013923761,-0.24205789,0.067488864,0.22323239,0.30292562,-0.356323,0.17393573,0.24796021,-0.016734518,-0.19214775,-0.098412946,-0.058749832,-0.87801415,0.040123396,0.18542543,-0.75543875,-0.08015937,0.37334192,-0.38390255,-0.21947977,0.10986945,-0.073287,-0.11018269,0.069906235,0.58691657,-0.506537,0.18001212,0.3354321,0.2774674,-0.1791237,0.6784845,0.08248911,-0.26018998,0.05694881,0.101552114,-0.1346806,0.03196777,0.26872402,0.005442321,-0.022499971,-0.14675438,0.17493497,-0.91511863,-0.35125667,0.18053827,0.25633362,0.42787,0.046453662,-0.023593646,-0.07151492,0.11548957,0.002322278,0.04554491,-0.027870374,-0.023672605,0.32568863,-0.16593315,-0.04784095,0.51427376,-0.01897617
QVQLVQSGAEVKKPGASVKVSCKASGYTFTDYVMHWVRQAPGQGLEWMGRVNPNGRGTTYNQKFEGRVTMTTDTSTSTAYMELRSLRSDDTAVYYCARSNLLDDWGQGTTVTVSS,0.037849557,0.17319334,-0.09560758,-0.9576402,-0.008574873,-0.24247116,0.059206173,0.23718415,0.29774,-0.3624197,0.1782858,0.24890824,-0.013832344,-0.19788085,-0.10189341,-0.06527187,-0.8714508,0.041037176,0.18724035,-0.75744766,-0.070549734,0.36124364,-0.3855872,-0.21683948,0.10556285,-0.072448894,-0.11393104,0.07857347,0.5791379,-0.50032556,0.187349,0.34102127,0.2850872,-0.1748328,0.6951116,0.07011562,-0.2607791,0.057619758,0.103794806,-0.13034405,0.03200414,0.2748137,6.93E-05,-0.033386294,-0.16021922,0.18278085,-0.9178089,-0.35260096,0.19183478,0.25191033,0.42482722,0.052449778,-0.023685802,-0.06975116,0.119524494,-0.000979303,0.055457316,-0.03248639,-0.03246496,0.32614323,-0.16840439,-0.047661338,0.499529,-0.028412554
QVQLVQSGAEVKKPGASVKVSCKASGYTFTDYYMHWVRQAPGQGLEWMGRVNPNGRGTTYNQKFEGRVTMTTDTSTSTAYMELRSLRSDDTAVYYCARSNLLDYWGQGTTVTVSS,0.037089515,0.16997312,-0.10335112,-0.9574574,-0.013730671,-0.24762782,0.061989516,0.2372673,0.2988324,-0.36960188,0.17345369,0.2533406,-0.012277595,-0.2122846,-0.100939676,-0.06320822,-0.8737947,0.04105166,0.19019648,-0.7618251,-0.079957865,0.36809573,-0.3907681,-0.21673259,0.11319237,-0.070623934,-0.11275757,0.069756396,0.5988139,-0.5097146,0.18920344,0.33438656,0.2943614,-0.18667911,0.67897177,0.07963639,-0.2617762,0.054381214,0.10528342,-0.13635023,0.031369474,0.28219008,0.004678022,-0.030248625,-0.14734048,0.19401285,-0.9159418,-0.35517412,0.19567844,0.255285,0.42848843,0.051317163,-0.024425564,-0.06927406,0.12015058,0.001651166,0.051887266,-0.022569658,-0.032152366,0.32580683,-0.17137565,-0.04696098,0.5162895,-0.027856324
QVQLVQSGAEVKKPGASVKVSCKASGYTFTDYYMHWVRQAPGQGLEWMGRVNPNGRGTTYNQKFEGRVTMTTDTSTSTAYMELRSLRSDDTAVYYCARANLLDDWGQGTTVTVSS,0.03626754,0.1703468,-0.102020934,-0.95776755,-0.012769894,-0.24806558,0.06299707,0.23736645,0.29864132,-0.3701587,0.17480756,0.25336298,-0.011965735,-0.20899315,-0.09854876,-0.06257589,-0.8726694,0.041179657,0.18834417,-0.7604525,-0.078696296,0.36918506,-0.3934826,-0.21720633,0.1118149,-0.07128528,-0.11295024,0.07135627,0.5999014,-0.5092334,0.1896233,0.33666807,0.2938601,-0.18647693,0.6810557,0.07995656,-0.25958216,0.054228373,0.10638981,-0.13381928,0.032284044,0.28114808,0.004932717,-0.030567134,-0.14740308,0.19148013,-0.91522366,-0.35593203,0.19656159,0.25494197,0.42757457,0.05172294,-0.024823459,-0.069164164,0.1194756,0.000909857,0.051110543,-0.024337303,-0.031282593,0.32740405,-0.17237821,-0.046784505,0.51489675,-0.027302083
QVQLVQSGAEVKKPGASVKVSCKASGYTFTDYYMHWVRQAPGQGLEWMGRVNPNAGGTTYNQKFEGRVTMTTDTSTSTAYMELRSLRSDDTAVYYCARSNLLDYWGQGTTVTVSS,0.0351605,0.16510221,-0.100514285,-0.9557452,-0.011585209,-0.25337866,0.06535924,0.23868962,0.29864413,-0.3728769,0.17157328,0.252062,-0.008735838,-0.21089445,-0.098179236,-0.06290192,-0.8770532,0.03925342,0.19323348,-0.7588036,-0.07856439,0.36604366,-0.4043207,-0.22504875,0.112616226,-0.07135288,-0.11363213,0.0627885,0.59775263,-0.5158169,0.18926217,0.34037983,0.30165455,-0.19234288,0.6814838,0.07870882,-0.26098517,0.055146255,0.1024719,-0.13804999,0.03154213,0.28835252,0.007692642,-0.028279264,-0.14756233,0.19689605,-0.91330373,-0.3582695,0.19596131,0.258091,0.42887205,0.05052412,-0.023786984,-0.06837478,0.118381,0.003320533,0.051791213,-0.025556244,-0.029245572,0.32359123,-0.16981901,-0.04851749,0.5231892,-0.031615667
QVQLVQSGAEVKKPGASVKVSCKASGYTFTDYYMHWVRQAPGQGLEWMGRVNPNGRGTTYNQKFEGRVTMTTDTSTSTAYMELRSLRSDDTAVYYCARANALDAWGQGTTVTVSS,0.037146244,0.17105094,-0.1000167,-0.9585726,-0.01220712,-0.24630938,0.06279555,0.23730184,0.2996559,-0.36818635,0.17649919,0.2520974,-0.011351726,-0.21051714,-0.09965565,-0.06234562,-0.8717411,0.040934213,0.18880387,-0.7587322,-0.07800851,0.36777848,-0.3912571,-0.2176458,0.11059909,-0.07080586,-0.1134284,0.06904796,0.5966569,-0.50906116,0.18932578,0.34140468,0.29638538,-0.18909657,0.68075716,0.0790418,-0.2586965,0.054709405,0.10568521,-0.13587102,0.030393325,0.28295428,0.008351769,-0.02958488,-0.14683379,0.19241886,-0.91488725,-0.35807613,0.19595587,0.25654355,0.42692852,0.05172681,-0.024813607,-0.068884924,0.117853664,0.001672101,0.049580418,-0.02558348,-0.030514115,0.32774884,-0.17347729,-0.048015483,0.5144942,-0.029095257
QVQLVQSGAEVKKPGASVKVSCKASGYTFTDYYMHWVRQAPGQGLEWMGRVNPNAGTTTYNQKFEGRVTMTTDTSTSTAYMELRSLRSDDTAVYYCARSNLLDDWGQGTTVTVSS,0.03694765,0.16801745,-0.097533375,-0.95769674,-0.010684715,-0.2592635,0.067489155,0.2319948,0.29922125,-0.37793592,0.17159927,0.2511078,-0.009542581,-0.21391205,-0.09447138,-0.06224403,-0.8803828,0.03911221,0.19483767,-0.75979185,-0.07812537,0.37052324,-0.4052144,-0.22717275,0.11142993,-0.07394912,-0.11293102,0.06508074,0.5969172,-0.5194741,0.18856986,0.34265164,0.3019842,-0.19733512,0.6797898,0.07576589,-0.26381955,0.05978055,0.10941625,-0.1405174,0.03173835,0.29250234,0.010250053,-0.027943509,-0.14429843,0.19478966,-0.91211706,-0.35967496,0.19289261,0.2632931,0.42609,0.050461337,-0.026102994,-0.06665886,0.11769001,0.001287314,0.0503826,-0.026305342,-0.02853443,0.32678217,-0.17134708,-0.051048074,0.5238045,-0.029743815
QVQLVQSGAEVKKPGASVKVSCKASGYTFTDYYMHWVRQAPGQGLEWMGKVNPNRGSTTYNQKFEGRVTMTTDTSTSTAYMELRSLRSDDTAVYYCARSNLLDFWGQGTTVTVSS,0.027298464,0.15985203,-0.100318186,-0.9561094,-0.011713453,-0.2273203,0.061829124,0.23590666,0.29125723,-0.3765393,0.17694646,0.24537772,-0.014955242,-0.20157515,-0.108591266,-0.06308652,-0.87772447,0.03734128,0.19163316,-0.757629,-0.08241604,0.3623311,-0.38496354,-0.23127566,0.10720967,-0.0690355,-0.11786674,0.06051388,0.58641434,-0.4996114,0.18375295,0.33260006,0.29186717,-0.18891242,0.68152726,0.07917913,-0.27023306,0.05782656,0.105687365,-0.13759431,0.03550359,0.29027364,0.003894212,-0.029761452,-0.1514457,0.19018273,-0.91731703,-0.35799056,0.19650397,0.25785348,0.45037705,0.049076356,-0.024837632,-0.06899719,0.122728996,0.00207774,0.055457838,-0.03031554,-0.03114645,0.3167895,-0.16318321,-0.04781752,0.5119484,-0.026103154
QVQLVQSGAEVKKPGASVKVSCKASGYTFTDYYMHWVRQAPGQGLEWMGRVNPNRRGTTYNQKFEGRVTMTTDTSTSTAYMELRSLRSDDTAVYYCARANALDSWGQGTTVTVSS,0.035534695,0.16717112,-0.098253146,-0.96198046,-0.011876506,-0.24527214,0.05868507,0.22916852,0.3059291,-0.3608839,0.17170872,0.24644779,-0.014073145,-0.21875368,-0.104482226,-0.061464593,-0.8743304,0.04105052,0.18883148,-0.76513976,-0.07788563,0.36401704,-0.3737399,-0.20913404,0.108814776,-0.07239448,-0.10827181,0.07440205,0.5806142,-0.49397203,0.18419835,0.3419123,0.28160086,-0.18247005,0.68465006,0.08050582,-0.26035506,0.056483157,0.104573905,-0.13515969,0.028448517,0.27272597,0.008316536,-0.030904729,-0.15165251,0.18155316,-0.91822016,-0.3491689,0.18596838,0.25102654,0.42876786,0.049197596,-0.024875583,-0.067661576,0.11646215,0.001295612,0.05032796,-0.024351034,-0.030024938,0.3156524,-0.16685705,-0.047088973,0.5067446,-0.026415741
QVQLVQSGAEVKKPGASVKVSCKASGYTFTDYYMHWVRQAPGQGLEWMGRVNPNRRGTTYNQKFEGRVTMTTDTSTSTAYMELRSLRSDDTAVYYCARSNALDFWGQGTTVTVSS,0.034833636,0.16625324,-0.10033574,-0.9601676,-0.012381855,-0.24587247,0.05767961,0.22973426,0.30592218,-0.3611449,0.16888042,0.24831888,-0.014105826,-0.2196226,-0.10342478,-0.062367007,-0.8747456,0.041151997,0.18830803,-0.7651571,-0.07896071,0.3643287,-0.37524354,-0.20935301,0.110164136,-0.07191844,-0.10884057,0.07409406,0.5819844,-0.49725428,0.18361805,0.3381964,0.28105173,-0.18110484,0.6848716,0.08045007,-0.259741,0.05606631,0.10346201,-0.13510136,0.028692285,0.27384928,0.005732184,-0.031541355,-0.15113103,0.18350251,-0.9184433,-0.34838277,0.18624714,0.2514011,0.4278917,0.049243726,-0.024236785,-0.06741273,0.11768676,0.001503469,0.050140355,-0.022877257,-0.030871747,0.31552312,-0.16581796,-0.046495475,0.5088853,-0.02614779
QVQLVQSGAEVKKPGASVKVSCKASGYTFTDYFMHWVRQAPGQGLEWMGRVNPNGRGTTYNQKFEGRVTMTTDTSTSTAYMELRSLRSDDTAVYYCARSNALDFWGQGTTVTVSS,0.036383856,0.16446382,-0.09518609,-0.9581354,-0.010736893,-0.24050365,0.057310943,0.23279151,0.3026904,-0.35231408,0.17016211,0.24692695,-0.008418504,-0.19690832,-0.09112019,-0.06310167,-0.87679255,0.04067331,0.186999,-0.75223213,-0.073937446,0.3608189,-0.38098866,-0.21789047,0.10412002,-0.07153931,-0.112686895,0.07644032,0.5682747,-0.5034967,0.17874533,0.3438517,0.2788543,-0.17372698,0.69557726,0.07301857,-0.260237,0.060025215,0.09500578,-0.13200293,0.02899207,0.2716604,0.000382695,-0.027706973,-0.15940832,0.18046048,-0.91533107,-0.35192358,0.1847406,0.24939555,0.4246572,0.050475504,-0.02015143,-0.0680483,0.11733592,0.001770494,0.052042127,-0.029546935,-0.03257401,0.3239858,-0.16415645,-0.04754416,0.50549877,-0.026162937
QVQLVQSGAEVKKPGASVKVSCKASGYTFTDYYMHWVRQAPGQGLEWMGRVNPNRRGTTYNQKFEGRVTMTTDTSTSTAYMELRSLRSDDTAVYYCARSNWLDDWGQGTTVTVSS,0.03360059,0.1653946,-0.100427255,-0.9613942,-0.013070769,-0.24701844,0.05894069,0.23043202,0.30329067,-0.3622102,0.17050956,0.24757518,-0.013774628,-0.22095741,-0.10329518,-0.061345004,-0.87320447,0.041306887,0.18812971,-0.7663999,-0.079606816,0.3670121,-0.3756098,-0.20733494,0.11137492,-0.07134383,-0.108789995,0.075440004,0.5840262,-0.4926244,0.18458599,0.3346016,0.27986938,-0.18459794,0.68636966,0.08314086,-0.2590235,0.05473586,0.103962764,-0.1339317,0.029865706,0.2721578,0.005262613,-0.03162167,-0.15063338,0.18194059,-0.9176301,-0.34552798,0.18683778,0.24759778,0.42759988,0.04922416,-0.02464752,-0.06712141,0.12046631,0.001701586,0.050325543,-0.02126258,-0.031607576,0.31645703,-0.16554512,-0.046081655,0.5071896,-0.023929039
QVQLVQSGAEVKKPGASVKVSCKASGYTFTDYYMHWVRQAPGQGLEWMGRVNPNRRGTTYNQKFEGRVTMTTDTSTSTAYMELRSLRSDDTAVYYCARSNSLDFWGQGTTVTVSS,0.035961635,0.16737641,-0.100314625,-0.96008754,-0.012033446,-0.24744913,0.05691498,0.22962776,0.3064861,-0.36370632,0.16783427,0.24830036,-0.014460028,-0.22167374,-0.10319368,-0.0627983,-0.8756257,0.04132285,0.19012658,-0.76713353,-0.07920719,0.36406833,-0.37535775,-0.20973906,0.11001618,-0.072215565,-0.107658096,0.076003395,0.5814468,-0.49650517,0.18459834,0.33766058,0.28121287,-0.18101074,0.68442917,0.07990753,-0.26232487,0.057099335,0.105123736,-0.1355092,0.028918248,0.27506268,0.004915506,-0.03303899,-0.1530313,0.18399927,-0.9188147,-0.3493709,0.18617673,0.25252312,0.42993325,0.049763985,-0.024452321,-0.068121225,0.118197024,0.001017443,0.05102153,-0.021649897,-0.03185867,0.31548372,-0.16534962,-0.04647779,0.50926644,-0.026624626
QVQLVQSGAEVKKPGASVKVSCKASGYTFTDYYMHWVRQAPGQGLEWMGRVNPNRGGTTYNQKFEGRVTMTTDTSTSTAYMELRSLRSDDTAVYYCARANALDFWGQGTTVTVSS,0.033053648,0.1638802,-0.10169675,-0.95733875,-0.011935005,-0.24724233,0.061495647,0.23727831,0.3010305,-0.3656638,0.17040183,0.2508044,-0.009810614,-0.21544841,-0.10194306,-0.06247245,-0.87304455,0.040454157,0.1892573,-0.760907,-0.07932479,0.36318776,-0.38970083,-0.2175291,0.11108852,-0.07061197,-0.11265929,0.06841035,0.59102213,-0.5035246,0.18711609,0.3384616,0.29162714,-0.18630078,0.6831105,0.0809167,-0.25770932,0.05351675,0.10146056,-0.13390589,0.030441131,0.27958828,0.005407278,-0.03058893,-0.14992717,0.19069047,-0.91640246,-0.3528767,0.19377139,0.25261533,0.43008155,0.050168354,-0.023585757,-0.06841454,0.118868366,0.002770807,0.051550247,-0.025330607,-0.030615993,0.31905758,-0.16853729,-0.04692597,0.5146118,-0.029332593
QVQLVQSGAEVKKPGASVKVSCKASGYTFTDYYMHWVRQAPGQGLEWMGRVNPNRRGTTYNQKFEGRVTMTTDTSTSTAYMELRSLRSDDTAVYYCARSNVLDAWGQGTTVTVSS,0.034181938,0.16794004,-0.099446215,-0.9609291,-0.011811796,-0.24534932,0.05808946,0.22987409,0.3050829,-0.3604408,0.17130522,0.24748705,-0.015146754,-0.21496445,-0.105055705,-0.06242719,-0.8747846,0.041159846,0.1884682,-0.765508,-0.077910535,0.36440352,-0.37422213,-0.20836337,0.1095749,-0.07204234,-0.10888831,0.074893646,0.5822874,-0.4958912,0.18426566,0.3391583,0.28157702,-0.17938419,0.6834624,0.08014573,-0.2608775,0.05634877,0.105211966,-0.13508195,0.028546322,0.27230763,0.006724303,-0.031457573,-0.15123065,0.18197852,-0.91928244,-0.34787053,0.18658048,0.25126922,0.4283161,0.049162854,-0.024770118,-0.06751688,0.117124796,0.001020309,0.050301127,-0.02393011,-0.030937871,0.3163061,-0.1665508,-0.046822164,0.5070109,-0.026730241
QVQLVQSGAEVKKPGASVKVSCKASGYTFTDYYMHWVRQAPGQGLEWMGRVNPNGRGTTYNQKFEGRVTMTTDTSTSTAYMELRSLRSDDTAVYYCARANVLDFWGQGTTVTVSS,0.03494928,0.16950616,-0.10590386,-0.9550925,-0.013352202,-0.24299733,0.06251973,0.2384462,0.29710943,-0.36897635,0.17300795,0.25497767,-0.012392062,-0.21170935,-0.102149874,-0.06371713,-0.871771,0.041301046,0.18869783,-0.759796,-0.07894907,0.36632198,-0.39164546,-0.21782492,0.11200649,-0.07016445,-0.11441073,0.068880826,0.5982298,-0.5127542,0.18772575,0.3357206,0.29450932,-0.18474133,0.68006986,0.07893128,-0.2583338,0.05431239,0.10459367,-0.13452223,0.030714449,0.28229973,0.003815534,-0.031255353,-0.14555925,0.19376527,-0.91695666,-0.3561196,0.19780852,0.25728437,0.4275675,0.051658377,-0.024389453,-0.069162,0.12112821,0.001259525,0.05169613,-0.025805477,-0.031381454,0.32738307,-0.17280039,-0.047332276,0.5152522,-0.028364802
QVQLVQSGAEVKKPGASVKVSCKASGYTFTDYYMHWVRQAPGQGLEWMGRVNPNGRGTTYNQKFEGRVTMTTDTSTSTAYMELRSLRSDDTAVYYCARANSLDFWGQGTTVTVSS,0.037836917,0.17083946,-0.10259726,-0.9568483,-0.012679314,-0.24723014,0.062006466,0.23787549,0.2995853,-0.37146556,0.1728,0.2540766,-0.011459026,-0.2163174,-0.09924627,-0.06312698,-0.8730407,0.04118267,0.18997952,-0.76094425,-0.07904059,0.36748895,-0.39258525,-0.21894594,0.11146306,-0.07062087,-0.11224591,0.07065566,0.59834117,-0.5119961,0.18942522,0.33732063,0.29594368,-0.1875798,0.679893,0.078151636,-0.26056176,0.05532512,0.10644364,-0.13514918,0.030833038,0.28526264,0.004866367,-0.03161708,-0.14763945,0.19466752,-0.91522324,-0.35840678,0.1964139,0.25803038,0.42824164,0.05214323,-0.024494672,-0.069136485,0.119656034,0.001146514,0.0509461,-0.023632776,-0.032043863,0.327526,-0.17222735,-0.047610335,0.5166914,-0.028844595
QVQLVQSGAEVKKPGASVKVSCKASGYTFTDYYMHWVRQAPGQGLEWMGRVNPNRGGTTYNQKFEGRVTMTTDTSTSTAYMELRSLRSDDTAVYYCARSNVLDAWGQGTTVTVSS,0.033028886,0.16650146,-0.09941196,-0.9583913,-0.010912488,-0.25133485,0.061224535,0.23768198,0.30157667,-0.36751544,0.17261168,0.24930741,-0.010733,-0.21274716,-0.102388754,-0.06271083,-0.874386,0.04041805,0.19016793,-0.76338387,-0.07842083,0.36364046,-0.38938862,-0.21672995,0.11141865,-0.07061132,-0.11143319,0.07080475,0.5924155,-0.50106806,0.18972798,0.33772045,0.29244772,-0.18551168,0.68157434,0.08018139,-0.26115662,0.054348882,0.10444523,-0.1345479,0.030704126,0.2791646,0.005702497,-0.03129345,-0.151729,0.19086121,-0.91666514,-0.35150692,0.19319615,0.25305367,0.43094647,0.050424345,-0.024372708,-0.06851814,0.11817131,0.001773959,0.050890896,-0.02404679,-0.031746924,0.3190408,-0.16832061,-0.04715032,0.5133791,-0.0304798
QVQLVQSGAEVKKPGASVKVSCKASGYTFTDYYMHWVRQAPGQGLEWMGRVNPNGKGTTYNQKFEGRVTMTTDTSTSTAYMELRSLRSDDTAVYYCARSNALDVWGQGTTVTVSS,0.029307406,0.17194375,-0.099084824,-0.9552782,-0.011593259,-0.23424686,0.06567207,0.24524388,0.28977737,-0.38258255,0.18590869,0.25202173,-0.014502348,-0.19667661,-0.101577,-0.06278453,-0.86989504,0.038991284,0.18826953,-0.7571813,-0.07949858,0.3690585,-0.3959474,-0.23287475,0.11111569,-0.067087464,-0.119113736,0.06350851,0.60849124,-0.5094745,0.19343945,0.3320485,0.30173567,-0.19185649,0.67923725,0.07877675,-0.26505452,0.054378975,0.11113032,-0.13615479,0.035932392,0.29260838,0.004108055,-0.030833125,-0.14593674,0.20076592,-0.9146725,-0.36163178,0.20510498,0.26165155,0.44446224,0.0524987,-0.025585746,-0.06853282,0.12273821,-0.001995681,0.04830044,-0.028410235,-0.032176543,0.3308954,-0.17197113,-0.048570517,0.51175064,-0.028603887
QVQLVQSGAEVKKPGASVKVSCKASGYTFTDYYMHWVRQAPGQGLEWMGRVNPNRGGTTYNQKFEGRVTMTTDTSTSTAYMELRSLRSDDTAVYYCARSNLLDSWGQGTTVTVSS,0.034464836,0.16549753,-0.09895871,-0.959,-0.011372475,-0.25243595,0.060634725,0.23710367,0.30201533,-0.36856684,0.17235611,0.24834496,-0.010251793,-0.21449123,-0.10159172,-0.06248644,-0.87540877,0.040339306,0.19176318,-0.76478755,-0.07897514,0.36280084,-0.3885085,-0.21732017,0.11145155,-0.070716135,-0.110413246,0.07186542,0.59064245,-0.49851912,0.18980223,0.33664685,0.2909288,-0.18569988,0.6824039,0.0803876,-0.26328695,0.054934528,0.103578694,-0.13464437,0.031346444,0.27850375,0.004822626,-0.03144458,-0.1540006,0.19062214,-0.9163063,-0.35113233,0.19222493,0.25141734,0.43264577,0.050447024,-0.024247395,-0.06900649,0.11866895,0.001752504,0.052235126,-0.022917382,-0.032256804,0.31758904,-0.16660613,-0.04685137,0.5133226,-0.02970554
QVQLVQSGAEVKKPGASVKVSCKASGYTFTDYYMHWVRQAPGQGLEWMGRVNPNGKGTTYNQKFEGRVTMTTDTSTSTAYMELRSLRSDDTAVYYCARSNLLDAWGQGTTVTVSS,0.02925768,0.170004,-0.09892952,-0.95597917,-0.01215845,-0.23108278,0.065114625,0.2442793,0.289258,-0.37942445,0.18593384,0.25108275,-0.014382309,-0.19201769,-0.100691795,-0.062496744,-0.87005126,0.0387192,0.18799752,-0.7548508,-0.079836026,0.36861572,-0.39396,-0.23158795,0.10963195,-0.0668405,-0.119832054,0.0630593,0.6049164,-0.50766903,0.19097124,0.33219674,0.29920882,-0.1896984,0.6795717,0.07924028,-0.2649068,0.05423709,0.108617514,-0.13599724,0.03594609,0.29033262,0.004186551,-0.029482253,-0.14633593,0.19703442,-0.9143516,-0.3614969,0.20415178,0.2584481,0.44496915,0.051742703,-0.024882881,-0.06877936,0.12225572,-0.001055438,0.049166627,-0.029191634,-0.032135773,0.33080637,-0.17161906,-0.048103463,0.5109493,-0.027377367
QVQLVQSGAEVKKPGASVKVSCKASGYTFTDYYMHWVRQAPGQGLEWMGRVNPNTRGTTYNQKFEGRVTMTTDTSTSTAYMELRSLRSDDTAVYYCARANVLDDWGQGTTVTVSS,0.035661872,0.1696194,-0.09958653,-0.9585026,-0.011411259,-0.2532712,0.06393678,0.2308052,0.30036074,-0.3711099,0.16924728,0.25013062,-0.011991855,-0.21420045,-0.09661772,-0.06195178,-0.8801479,0.040245228,0.1890872,-0.7615835,-0.07867917,0.36982307,-0.39293328,-0.21886566,0.11140795,-0.073642395,-0.111983456,0.07082312,0.5945988,-0.51266795,0.18592231,0.33773148,0.29418597,-0.18997516,0.677323,0.07677218,-0.26273212,0.05794271,0.109177895,-0.13666259,0.030837465,0.28561676,0.007445547,-0.029405389,-0.14469953,0.19049339,-0.91455835,-0.35244432,0.18995024,0.26142895,0.4245668,0.049831677,-0.025673734,-0.067097835,0.11767412,0.000891972,0.04841479,-0.024767088,-0.030291153,0.32321683,-0.17046298,-0.04898894,0.5180814,-0.02748805
QVQLVQSGAEVKKPGASVKVSCKASGYTFTDYYMHWVRQAPGQGLEWMGRVNPNGRSTTYNQKFEGRVTMTTDTSTSTAYMELRSLRSDDTAVYYCARSNSLDVWGQGTTVTVSS,0.03746938,0.173158,-0.10213126,-0.9584709,-0.012771068,-0.24752791,0.06186045,0.23248777,0.30285987,-0.37211382,0.1732497,0.24824485,-0.015726296,-0.21431445,-0.10202151,-0.06371921,-0.87925607,0.040603355,0.19256137,-0.7638546,-0.07829202,0.36387262,-0.3855113,-0.21985564,0.11087881,-0.07140765,-0.10797476,0.07303152,0.5911161,-0.5044293,0.18856192,0.33600372,0.29156184,-0.18331212,0.67574084,0.07524799,-0.2696402,0.059011057,0.10704028,-0.13824382,0.030951612,0.28182796,0.004755099,-0.031185793,-0.15254654,0.19110739,-0.91741437,-0.35483998,0.1900542,0.2643402,0.42985162,0.051340047,-0.025822412,-0.07153828,0.11771313,0.000474937,0.05131447,-0.023802793,-0.031480525,0.32210442,-0.16875479,-0.048951752,0.51423705,-0.029005276
QVQLVQSGAEVKKPGASVKVSCKASGYTFTDYYMHWVRQAPGQGLEWMGRVNPNGKATTYNQKFEGRVTMTTDTSTSTAYMELRSLRSDDTAVYYCARANVLDDWGQGTTVTVSS,0.029460395,0.17331986,-0.09850296,-0.95674235,-0.012576294,-0.23118459,0.06782892,0.24027207,0.29166636,-0.38058084,0.18595494,0.2511018,-0.016370272,-0.19363439,-0.10042789,-0.061718408,-0.8707772,0.038677074,0.18537515,-0.7531742,-0.07861635,0.37036914,-0.3961226,-0.23284796,0.110012315,-0.06922112,-0.11980314,0.062144432,0.6062387,-0.509171,0.18884605,0.33529443,0.2979969,-0.1913602,0.67949384,0.07830747,-0.26338035,0.05441208,0.10946467,-0.13590576,0.03626782,0.28986654,0.007094417,-0.028139193,-0.1425835,0.1947462,-0.9139965,-0.36085638,0.20118071,0.26674524,0.44055486,0.051449843,-0.026222514,-0.06846711,0.119758435,-0.001314911,0.045681283,-0.032127414,-0.028586663,0.33067963,-0.17326882,-0.048798952,0.5115535,-0.025848467
QVQLVQSGAEVKKPGASVKVSCKASGYTFTDYYMHWVRQAPGQGLEWMGRVNPNGGGTTYNQKFEGRVTMTTDTSTSTAYMELRSLRSDDTAVYYCARSNGLDSWGQGTTVTVSS,0.03222637,0.168829,-0.09875797,-0.9560144,-0.008548326,-0.26307636,0.066043355,0.24705379,0.29925728,-0.38390267,0.17564255,0.2507691,-0.006028401,-0.22120593,-0.09749961,-0.06333631,-0.8747278,0.04018854,0.19769154,-0.76557344,-0.07732779,0.36583474,-0.40868312,-0.2259371,0.112503104,-0.0689764,-0.11081192,0.07091094,0.6047193,-0.5078842,0.2018395,0.33763555,0.30749053,-0.19761717,0.6833654,0.08018003,-0.26443285,0.05548461,0.10948756,-0.13533162,0.033458155,0.2912798,0.004707221,-0.03508243,-0.15426886,0.20239733,-0.91332984,-0.36066288,0.2023058,0.2574491,0.43570596,0.054679926,-0.02533004,-0.0700849,0.1223736,0.000469369,0.0515556,-0.02047334,-0.034772426,0.32550752,-0.17049788,-0.047293916,0.52049434,-0.03585762
QVQLVQSGAEVKKPGASVKVSCKASGYTFTDYFMHWVRQAPGQGLEWMGRVNPNGGGTTYNQKFEGRVTMTTDTSTSTAYMELRSLRSDDTAVYYCARSNVLDSWGQGTTVTVSS,0.031616423,0.1619154,-0.09342157,-0.9565511,-0.007540458,-0.24999782,0.060734697,0.23891957,0.30166644,-0.36183545,0.17133619,0.24346158,-0.004791074,-0.19762388,-0.09189123,-0.06389402,-0.8795816,0.039493863,0.19431125,-0.7547917,-0.072554596,0.35628325,-0.39455387,-0.22530617,0.10377039,-0.07084565,-0.11205644,0.075553864,0.56967175,-0.5004252,0.1855829,0.34558222,0.28800732,-0.17881945,0.6968596,0.07339809,-0.26491705,0.06115139,0.09732292,-0.13206962,0.030799227,0.27691585,0.000575228,-0.030113,-0.16624568,0.18400308,-0.91498315,-0.3551767,0.18925773,0.2523271,0.43253335,0.051728737,-0.019980522,-0.069176905,0.11889914,0.002072586,0.055369813,-0.030048292,-0.033732045,0.3209382,-0.1626893,-0.04757655,0.5096932,-0.0322051
QVQLVQSGAEVKKPGASVKVSCKASGYTFTDYYMHWVRQAPGQGLEWMGRVNPNGGGTTYNQKFEGRVTMTTDTSTSTAYMELRSLRSDDTAVYYCARSNALDAWGQGTTVTVSS,0.032592084,0.16678412,-0.09826376,-0.9561764,-0.009562101,-0.25765097,0.06523476,0.24366549,0.30014017,-0.37757832,0.17498349,0.24923798,-0.006919139,-0.21388215,-0.09789781,-0.06309497,-0.8748641,0.039616767,0.19511011,-0.7603917,-0.077642724,0.36364588,-0.4055538,-0.22594544,0.11099277,-0.06943724,-0.11270079,0.066572756,0.59839106,-0.5078413,0.19613276,0.34162763,0.3053075,-0.19545557,0.6831317,0.07955501,-0.26250988,0.054975256,0.10598175,-0.13617322,0.03217016,0.28970814,0.00718747,-0.031704478,-0.15313895,0.19819435,-0.912937,-0.36122778,0.19943312,0.25895214,0.4326083,0.052868184,-0.023990849,-0.069363326,0.11914327,0.002820414,0.051887657,-0.024404349,-0.032119602,0.32375082,-0.17064467,-0.047571607,0.52061945,-0.035035733
QVQLVQSGAEVKKPGASVKVSCKASGYTFTDYYMHWVRQAPGQGLEWMGRVNPNRGDTTYNQKFEGRVTMTTDTSTSTAYMELRSLRSDDTAVYYCARANALDFWGQGTTVTVSS,0.031731457,0.16254923,-0.10259127,-0.9573328,-0.011594886,-0.24698792,0.06405024,0.2267917,0.30302784,-0.3578381,0.16539747,0.25258595,-0.014329613,-0.20924993,-0.1009259,-0.06037847,-0.8760687,0.039586134,0.18382996,-0.7530204,-0.080504544,0.3710736,-0.3907665,-0.21817923,0.11124816,-0.07328365,-0.11095473,0.06550988,0.5903595,-0.5137767,0.18147902,0.33726805,0.28800365,-0.18513043,0.6786013,0.08015453,-0.2566907,0.05418807,0.102432884,-0.13466418,0.030317156,0.2816158,0.005667276,-0.026474237,-0.14445594,0.18629834,-0.91478926,-0.35071608,0.18824846,0.25580904,0.4230645,0.047708396,-0.02395157,-0.06881734,0.11644025,0.003129397,0.04581944,-0.026381912,-0.02683744,0.32187554,-0.16816424,-0.0490148,0.51684743,-0.02565903
QVQLVQSGAEVKKPGASVKVSCKASGYTFTDYYMHWVRQAPGQGLEWMGRVNPNKGDTTYNQKFEGRVTMTTDTSTSTAYMELRSLRSDDTAVYYCARSNLLDDWGQGTTVTVSS,0.025124574,0.16273433,-0.09750037,-0.9575202,-0.010396536,-0.2379825,0.06647271,0.23279819,0.29545295,-0.36946857,0.17556459,0.25020236,-0.01635209,-0.19520622,-0.09658742,-0.059430968,-0.87463933,0.037987296,0.1841839,-0.75206256,-0.08184693,0.3752323,-0.394265,-0.23009317,0.109383315,-0.07114767,-0.11466689,0.06514841,0.59816426,-0.50934607,0.18542676,0.33104506,0.290496,-0.18903816,0.6772157,0.08145627,-0.26371872,0.054748967,0.107997045,-0.13377401,0.03562938,0.28841287,0.004308895,-0.027756322,-0.14615557,0.18731391,-0.9133452,-0.35503533,0.1936861,0.25589386,0.4423538,0.04814549,-0.024325656,-0.0684039,0.119118355,0.001180837,0.0439249,-0.027874695,-0.028872868,0.32594618,-0.16672061,-0.0487972,0.5150772,-0.02340682
QVQLVQSGAEVKKPGASVKVSCKASGYTFTDYYMHWVRQAPGQGLEWMGRVNPNTGGTTYNQKFEGRVTMTTDTSTSTAYMELRSLRSDDTAVYYCARSNLLDDWGQGTTVTVSS,0.03413338,0.16552308,-0.09810458,-0.9568362,-0.010310469,-0.26182133,0.06612088,0.23808655,0.29782704,-0.37747172,0.16965246,0.25101304,-0.00774945,-0.2131177,-0.09323296,-0.06215798,-0.8798052,0.039379053,0.19401497,-0.7614155,-0.078850746,0.36976457,-0.40736276,-0.226227,0.11225177,-0.072095305,-0.112384304,0.068857245,0.60106796,-0.51566654,0.19170323,0.3371615,0.3025766,-0.19482109,0.6789076,0.07779981,-0.2644393,0.057391416,0.107354395,-0.13662829,0.032591425,0.29012573,0.005809853,-0.029840484,-0.14780194,0.19738235,-0.9119395,-0.3559162,0.19592285,0.2572685,0.42911562,0.050837252,-0.024912264,-0.06706907,0.119552374,0.001717936,0.05012394,-0.022946792,-0.03195468,0.3250046,-0.16973238,-0.049359016,0.5227204,-0.03088304
QVQLVQSGAEVKKPGASVKVSCKASGYTFTDYYMHWVRQAPGQGLEWMGRVNPNRGDTTYNQKFEGRVTMTTDTSTSTAYMELRSLRSDDTAVYYCARSNALDDWGQGTTVTVSS,0.032168604,0.16433293,-0.097740665,-0.95951545,-0.010266604,-0.25572926,0.06431562,0.22671223,0.30469716,-0.36142057,0.16735856,0.2504782,-0.014226235,-0.20985152,-0.09811251,-0.059362672,-0.8775967,0.039464366,0.18401,-0.7562196,-0.080027446,0.374737,-0.3933685,-0.21766768,0.11187969,-0.073905885,-0.10830205,0.06938933,0.59424454,-0.5103602,0.1855922,0.3369973,0.2884332,-0.18829773,0.6790757,0.08046248,-0.25963607,0.05478342,0.10601462,-0.13436979,0.03177547,0.28171656,0.006148317,-0.027347162,-0.14697434,0.18609308,-0.9128558,-0.34945214,0.18665458,0.2549153,0.42322215,0.048099026,-0.024875335,-0.068464234,0.11525102,0.002105402,0.044076163,-0.02344337,-0.02767286,0.32183194,-0.1672266,-0.048847478,0.51684463,-0.025369132
QVQLVQSGAEVKKPGASVKVSCKASGYTFTDYYMHWVRQAPGQGLEWMGRVNPNGGDTTYNQKFEGRVTMTTDTSTSTAYMELRSLRSDDTAVYYCARANALDFWGQGTTVTVSS,0.03023854,0.16358666,-0.103729025,-0.9538407,-0.01065793,-0.25174013,0.06790756,0.2336513,0.29885218,-0.37052122,0.16648002,0.2527905,-0.011619997,-0.21081422,-0.098002166,-0.061206166,-0.8766352,0.039025627,0.18795812,-0.7521943,-0.07965021,0.37061605,-0.40676478,-0.22679117,0.11133478,-0.07169583,-0.11260109,0.063144214,0.598015,-0.51959825,0.1868873,0.33654836,0.2994091,-0.19130518,0.67869246,0.078936584,-0.25882137,0.055191662,0.105116546,-0.13510767,0.03184493,0.29061338,0.004502581,-0.02828675,-0.14515898,0.19387959,-0.91247,-0.3570766,0.19525298,0.26266888,0.4249869,0.049993142,-0.024096189,-0.06903726,0.11916645,0.002890742,0.047276508,-0.026860468,-0.028151857,0.32612532,-0.17093433,-0.049596205,0.5224525,-0.029125316
QVQLVQSGAEVKKPGASVKVSCKASGYTFTDYYMHWVRQAPGQGLEWMGRVNPNRRGTTYNQKFEGRVTMTTDTSTSTAYMELRSLRSDDTAVYYCARANWLDYWGQGTTVTVSS,0.033410832,0.1640742,-0.10469603,-0.9601813,-0.01448792,-0.24095705,0.05918293,0.22946839,0.30210972,-0.35931075,0.16884235,0.24876447,-0.014435543,-0.2216978,-0.10726655,-0.061846115,-0.87214637,0.04128538,0.18833779,-0.7644709,-0.0805533,0.36447823,-0.37261203,-0.20680545,0.1121237,-0.07104062,-0.11053075,0.070924215,0.58179814,-0.49520555,0.18168321,0.3350432,0.28016844,-0.18372115,0.68509096,0.08381264,-0.25715235,0.053814955,0.10140235,-0.13582988,0.028579807,0.2723266,0.005808685,-0.029823758,-0.1477454,0.1829601,-0.9191116,-0.3459108,0.18775068,0.2484146,0.4272253,0.04848628,-0.024156313,-0.0675602,0.12131049,0.002767082,0.05154941,-0.022971656,-0.030326195,0.31533632,-0.16678242,-0.04619957,0.50776535,-0.024218276
QVQLVQSGAEVKKPGASVKVSCKASGYTFTDYYMHWVRQAPGQGLEWMGRVNFNGRGTTYNQKFEGRVTMTTDTSTSTAYMELRSLRSDDTAVYYCARSNLLDDWGQGTTVTVSS,0.036081553,0.17220955,-0.10338079,-0.95439637,-0.013253635,-0.25100693,0.062573865,0.23636033,0.30366248,-0.3747272,0.17258516,0.25412488,-0.013446271,-0.20782247,-0.08659099,-0.063374855,-0.8795343,0.041483514,0.18762493,-0.76173294,-0.080240816,0.37034532,-0.39612377,-0.22327076,0.11445064,-0.072561026,-0.11315419,0.075810574,0.5990988,-0.5173678,0.18966465,0.3318182,0.29417694,-0.1859509,0.6731066,0.07525017,-0.26353094,0.056297805,0.106477715,-0.13515906,0.03198171,0.2850773,0.002545103,-0.030473517,-0.14712927,0.19412592,-0.9149641,-0.35496494,0.19266537,0.2673191,0.42984453,0.05190056,-0.023408182,-0.07106104,0.11919945,0.000174035,0.04517351,-0.022650976,-0.031743888,0.32771632,-0.16952235,-0.046616003,0.52239877,-0.025789859
QVQLVQSGAEVKKPGASVKVSCKASGYTFTDYYMHWVRQAPGQGLEWMGRVNINGRGTTYNQKFEGRVTMTTDTSTSTAYMELRSLRSDDTAVYYCARSNLLDDWGQGTTVTVSS,0.035036493,0.17241639,-0.106249936,-0.9537065,-0.011956659,-0.24843833,0.0631077,0.23593515,0.30329317,-0.37335065,0.1718454,0.25597584,-0.01651871,-0.20705386,-0.09034186,-0.06430915,-0.8794336,0.041717697,0.18933274,-0.7627848,-0.08013322,0.37007833,-0.39360192,-0.22331621,0.114560984,-0.074901685,-0.112944044,0.0765274,0.5974535,-0.51928973,0.19113216,0.33300787,0.29528642,-0.18253776,0.66674846,0.07349991,-0.26362985,0.056545507,0.10632257,-0.13589229,0.03177204,0.2837477,0.002060545,-0.03085643,-0.14492546,0.19428927,-0.9178066,-0.35485572,0.19290835,0.2666667,0.43363377,0.051151212,-0.02523035,-0.07228258,0.11860066,-0.00065198,0.044609305,-0.024490453,-0.030926954,0.32762775,-0.17109263,-0.047914956,0.5202527,-0.027895039
QVQLVQSGAEVKKPGASVKVSCKASGYTFTDYYMHWVRQAPGQGLEWMGRVNVNGRGTTYNQKFEGRVTMTTDTSTSTAYMELRSLRSDDTAVYYCARSNLLDDWGQGTTVTVSS,0.036955144,0.17885064,-0.103931986,-0.9553142,-0.011838266,-0.24593744,0.063243166,0.23675579,0.30082753,-0.37609544,0.17880383,0.2545609,-0.017571723,-0.20906244,-0.09959985,-0.06473263,-0.8774873,0.041983582,0.18964162,-0.7648946,-0.07791105,0.37035906,-0.39176568,-0.21829554,0.113435924,-0.07287135,-0.11213387,0.07610435,0.6018263,-0.51407355,0.1938775,0.33421493,0.29642126,-0.18288052,0.673992,0.07418995,-0.2641661,0.05678243,0.112353966,-0.1357888,0.032265134,0.28290492,0.003439145,-0.032198403,-0.14862204,0.19288383,-0.9189028,-0.35838693,0.19521715,0.26845577,0.43014163,0.053102687,-0.026215412,-0.073136084,0.11992953,-0.001586092,0.050749842,-0.02585967,-0.031224292,0.33005756,-0.17184941,-0.046352066,0.5175036,-0.027638901
QVQLVQSGAEVKKPGASVKVSCKASGYTFTDYYMHWVRQAPGQGLEWMGRVNWNGRGTTYNQKFEGRVTMTTDTSTSTAYMELRSLRSDDTAVYYCARSNLLDDWGQGTTVTVSS,0.03587013,0.17140527,-0.10316436,-0.9559562,-0.014570316,-0.25262305,0.06272035,0.237538,0.29969817,-0.37790412,0.17602937,0.24910548,-0.011734595,-0.20693412,-0.09706368,-0.062198393,-0.8763117,0.04066886,0.18567704,-0.7648337,-0.080348074,0.36915866,-0.3935793,-0.21723303,0.116707146,-0.06933429,-0.11268971,0.07298486,0.6017361,-0.5054503,0.19164595,0.32682762,0.29297858,-0.19022976,0.68128794,0.07944822,-0.26217654,0.053467084,0.10567839,-0.13555679,0.032932602,0.28175303,0.001080981,-0.02972566,-0.15063153,0.19784085,-0.9133356,-0.34795773,0.19397986,0.2629066,0.42332688,0.05194856,-0.025369229,-0.07152119,0.12331811,0.00018274,0.050099283,-0.020132361,-0.032035246,0.32327074,-0.16681199,-0.045170534,0.5155877,-0.025583303
QVQLVQSGAEVKKPGASVKVSCKASGYTFTDYYMHWVRQAPGQGLEWMGRVNPWGRGTTYNQKFEGRVTMTTDTSTSTAYMELRSLRSDDTAVYYCARSNLLDDWGQGTTVTVSS,0.035478644,0.16668679,-0.09757524,-0.9598048,-0.014526414,-0.25146726,0.060880773,0.24240896,0.3006278,-0.36748695,0.17823261,0.25032178,-0.009082016,-0.20444022,-0.102035776,-0.06196526,-0.8685588,0.0409971,0.18546385,-0.76449007,-0.07900726,0.368627,-0.39305246,-0.20840219,0.11381338,-0.06545298,-0.11005584,0.07322027,0.60401297,-0.4978489,0.1900269,0.3298753,0.28570914,-0.18374169,0.69489545,0.08294021,-0.25607893,0.051933814,0.10340259,-0.13192637,0.032184195,0.27279988,0.000932824,-0.02940364,-0.15600818,0.18988249,-0.9138988,-0.35020503,0.19526644,0.24605899,0.42132485,0.052170265,-0.02262206,-0.06958588,0.122112684,0.001742251,0.058819763,-0.02190731,-0.03320234,0.32481104,-0.16434062,-0.042678915,0.514429,-0.023295961
QVQLVQSGAEVKKPGASVKVSCKASGYTFTDYYMHWVRQAPGQGLEWMGRVNPNGRMTTYNQKFEGRVTMTTDTSTSTAYMELRSLRSDDTAVYYCARSNLLDDWGQGTTVTVSS,0.034793846,0.16981426,-0.1003754,-0.9595918,-0.014687487,-0.24180956,0.063225165,0.23551898,0.29810148,-0.36168253,0.17747056,0.25264692,-0.009330242,-0.20000695,-0.10321204,-0.06174323,-0.8729608,0.040688466,0.18448895,-0.7563172,-0.08003079,0.36539486,-0.3865823,-0.21484321,0.11026214,-0.0708152,-0.114335164,0.069274075,0.6003503,-0.50694066,0.18506992,0.33327863,0.28845853,-0.17890272,0.6761443,0.07893481,-0.26146567,0.053159032,0.10084519,-0.12915513,0.032799188,0.27469176,0.001024667,-0.028022336,-0.14564264,0.18517269,-0.9136452,-0.35280812,0.19267483,0.25207117,0.42762387,0.04943735,-0.02612348,-0.07164567,0.11666075,0.001761461,0.048558027,-0.026543194,-0.031209053,0.33039483,-0.16909665,-0.048049204,0.5140192,-0.025693137
QVQLVQSGAEVKKPGASVKVSCKASGYTFTDYYMHWVRQAPGQGLEWMGRVNPNGRGTMYNQKFEGRVTMTTDTSTSTAYMELRSLRSDDTAVYYCARSNLLDDWGQGTTVTVSS,0.033028092,0.16713075,-0.09994574,-0.95840687,-0.013947362,-0.24546352,0.06097063,0.24160826,0.29917392,-0.36232382,0.17768066,0.25225246,-0.006407902,-0.20282646,-0.10327632,-0.06222594,-0.8701366,0.0409348,0.18371713,-0.75778353,-0.080551594,0.36447203,-0.39070165,-0.2117205,0.11207859,-0.06911645,-0.11451595,0.06957115,0.6024298,-0.50334346,0.18921809,0.3327194,0.2923969,-0.18187422,0.68039364,0.08233334,-0.25795624,0.049806986,0.10109262,-0.12696864,0.033313874,0.27499062,0.001692707,-0.029899292,-0.14888455,0.18899241,-0.91312796,-0.35290053,0.19733255,0.24852076,0.4292221,0.050962795,-0.025234915,-0.071393065,0.11772193,0.003132302,0.050645005,-0.024788553,-0.032456875,0.32636452,-0.16843385,-0.044885907,0.5165643,-0.027737344
QVQLVQSGAEVKKPGASVKVSCKASGYTFTDYYMHWVRQAPGQGLEWMGRVNPNGRGTTYMQKFEGRVTMTTDTSTSTAYMELRSLRSDDTAVYYCARSNLLDDWGQGTTVTVSS,0.032987677,0.16797988,-0.0987936,-0.9595426,-0.012952029,-0.23626094,0.06296152,0.23774512,0.29586542,-0.357075,0.1827335,0.2531235,-0.010296342,-0.1967821,-0.112139285,-0.06346718,-0.86936164,0.040502027,0.18721871,-0.7578445,-0.07687132,0.36582628,-0.38511586,-0.21109127,0.1091881,-0.06870199,-0.1135013,0.06882847,0.59693944,-0.503323,0.186666,0.33585346,0.28748342,-0.17820847,0.68940043,0.080045246,-0.2583747,0.05415902,0.1034244,-0.12950781,0.032835897,0.27295953,0.000611305,-0.028656261,-0.15222187,0.18284628,-0.9175686,-0.35555735,0.19688605,0.24460526,0.42901093,0.05087533,-0.024435263,-0.07281209,0.12113202,0.002142055,0.060907014,-0.029649457,-0.03124298,0.33060396,-0.16538131,-0.046299774,0.5099028,-0.025178563
QVQLVQSGAEVKKPGASVKVSCKASGYTFTDYYMHWVRQAPGQGLEWMGRVNDNGRGTTYNQKFEGRVTMTTDTSTSTAYMELRSLRSDDTAVYYCARSNLLDDWGQGTTVTVSS,0.0331898,0.16924301,-0.102406114,-0.9568976,-0.01056267,-0.25542334,0.06527502,0.23239219,0.30309784,-0.36838138,0.17153147,0.25494775,-0.015964592,-0.20467523,-0.09555691,-0.061214633,-0.87584394,0.04100468,0.18504244,-0.7612429,-0.079323664,0.37548038,-0.39810258,-0.21885519,0.11503433,-0.07307705,-0.10977645,0.07418153,0.603078,-0.51325035,0.19045465,0.3324553,0.2911377,-0.18426861,0.67633593,0.08079774,-0.25991157,0.05366371,0.108953044,-0.13301511,0.03289923,0.28083357,0.002707853,-0.029147115,-0.14621037,0.19057482,-0.91549677,-0.35002607,0.19424564,0.2559963,0.42645985,0.050021756,-0.024971208,-0.069935195,0.11852114,-0.000467539,0.045190066,-0.021524573,-0.029395657,0.32609996,-0.16969496,-0.047416165,0.5156211,-0.026490275
QVQLVQSGAEVKKPGASVKVSCKASGYTFTDYYMHWVRQAPGQGLEWMGRVNPNGRLTTYNQKFEGRVTMTTDTSTSTAYMELRSLRSDDTAVYYCARSNLLDDWGQGTTVTVSS,0.041083943,0.17438716,-0.102282114,-0.9582216,-0.015407555,-0.24133955,0.06380635,0.23552392,0.2984153,-0.36718005,0.17592789,0.25564685,-0.01686324,-0.1984435,-0.09766881,-0.06283909,-0.8753208,0.041332223,0.18737935,-0.7586371,-0.07808988,0.3688438,-0.39158273,-0.22038406,0.11125061,-0.071478926,-0.11204551,0.07371522,0.60255194,-0.5111188,0.18630233,0.33269575,0.28840503,-0.17725992,0.6773897,0.07623888,-0.26397604,0.055430222,0.10082462,-0.13385251,0.033240512,0.27667168,0.001149094,-0.027995702,-0.14822322,0.18911058,-0.91623926,-0.35530066,0.19275655,0.2574919,0.42488563,0.050934557,-0.024158802,-0.07186702,0.11777943,0.000442315,0.04954552,-0.025074994,-0.030869938,0.33205277,-0.1705488,-0.047996845,0.5129997,-0.024565872
QVQLVQSGAEVKKPGASVKVSCKASGYTFTDYYMHWVRQAPGQGLEWMGRVNPNGRGTYYNQKFEGRVTMTTDTSTSTAYMELRSLRSDDTAVYYCARSNLLDDWGQGTTVTVSS,0.035078257,0.17147465,-0.102576345,-0.9578839,-0.014965357,-0.25410897,0.06317853,0.2415808,0.2996878,-0.37303677,0.17456399,0.25528502,-0.013299606,-0.21020626,-0.09844814,-0.06197505,-0.8740477,0.04145003,0.18511072,-0.7643613,-0.08169463,0.37334576,-0.39767784,-0.21535183,0.118158385,-0.068815015,-0.110880196,0.07270819,0.61692387,-0.5090851,0.19377781,0.32551903,0.29493138,-0.18610394,0.67477584,0.08365298,-0.2611921,0.050294317,0.10652173,-0.13302556,0.034033388,0.27896816,0.002735996,-0.029192612,-0.14475548,0.19807732,-0.9138144,-0.3502623,0.19885686,0.25504264,0.42651933,0.051754616,-0.02471361,-0.06962058,0.119655564,0.000794445,0.048145298,-0.017908243,-0.03264913,0.32587212,-0.17056055,-0.044810526,0.51992023,-0.026252247
QVQLVQSGAEVKKPGASVKVSCKASGYTFTDYYMHWVRQAPGQGLEWMGRVNPNGRGTTYAQKFEGRVTMTTDTSTSTAYMELRSLRSDDTAVYYCARSNLLDDWGQGTTVTVSS,0.03814621,0.17427975,-0.09742926,-0.9591869,-0.012511932,-0.24169871,0.06326948,0.23846442,0.2975023,-0.36653283,0.18317546,0.25400245,-0.012158208,-0.20464039,-0.10537691,-0.06342518,-0.869473,0.04087816,0.1881076,-0.75937355,-0.07554576,0.36949867,-0.39219025,-0.21495071,0.110640265,-0.069338106,-0.11291003,0.06927312,0.6013408,-0.5091621,0.189884,0.33991462,0.2942018,-0.1867604,0.68975765,0.0782406,-0.2581242,0.055103462,0.1081919,-0.13367018,0.032232188,0.28114027,0.005688042,-0.030030726,-0.15085357,0.18946913,-0.91560364,-0.36032647,0.1969181,0.25393882,0.42388713,0.0529335,-0.024293486,-0.07062872,0.12012229,0.001018121,0.05815452,-0.028062616,-0.030844804,0.33309612,-0.1700361,-0.046317708,0.5132039,-0.026209665
QVQLVQSGAEVKKPGASVKVSCKASGYTFTDYYMHWVRQAPGQGLEWMGRVNPNGRGTTYVQKFEGRVTMTTDTSTSTAYMELRSLRSDDTAVYYCARSNLLDDWGQGTTVTVSS,0.036636904,0.17502138,-0.100875475,-0.9576157,-0.012586198,-0.24155463,0.06468696,0.23894884,0.29593223,-0.36703965,0.18223915,0.25591427,-0.014413235,-0.20653795,-0.10956651,-0.06500748,-0.86850744,0.041453164,0.19008468,-0.7610507,-0.07589039,0.36826098,-0.39231884,-0.21542834,0.11163687,-0.068848796,-0.11270194,0.07177051,0.6039284,-0.50691277,0.19098002,0.33517456,0.29272088,-0.18226223,0.6877798,0.0778066,-0.25995517,0.055102386,0.10936926,-0.1327922,0.033050433,0.27850607,0.001501986,-0.03156256,-0.15087906,0.18905078,-0.9184643,-0.35751075,0.20033044,0.25362042,0.42528,0.05343677,-0.024695044,-0.07177527,0.123079434,0.000118671,0.06046992,-0.0287027,-0.03213721,0.33347887,-0.16982192,-0.047011424,0.5110123,-0.02623839
QVQLVQSGAEVKKPGASVKVSCKASGYTFTDYYMHWVRQAPGQGLEWMGRVNPNGRGTTYYQKFEGRVTMTTDTSTSTAYMELRSLRSDDTAVYYCARSNLLDDWGQGTTVTVSS,0.03572335,0.17195745,-0.102172874,-0.95788896,-0.01485582,-0.2497634,0.065135196,0.23980947,0.29857597,-0.36935368,0.17895338,0.25533187,-0.014169262,-0.2075281,-0.10599457,-0.06333527,-0.87074673,0.041178662,0.1876397,-0.7622574,-0.07976817,0.37208906,-0.3964335,-0.21505958,0.117214605,-0.067654796,-0.11107029,0.06965794,0.6130475,-0.5076867,0.19195439,0.32922244,0.29347068,-0.18575183,0.6819099,0.08217673,-0.2604758,0.052137006,0.10705122,-0.13489717,0.033664197,0.2786647,0.00222254,-0.027759517,-0.14604829,0.19490236,-0.9156671,-0.35186404,0.19987777,0.25358754,0.42418107,0.052300703,-0.024650833,-0.0709553,0.121973485,0.000954342,0.05581409,-0.022651061,-0.03186352,0.32918006,-0.16953972,-0.045757484,0.51712465,-0.025191883
QVQLVQSGAEVKKPGASVKVSCKASGYTFTDYYMHWVRQAPGQGLEWMGRVNPNGRGTTYNQGFEGRVTMTTDTSTSTAYMELRSLRSDDTAVYYCARSNLLDDWGQGTTVTVSS,0.0397071,0.1699492,-0.101052135,-0.9569056,-0.01078126,-0.26972792,0.060411833,0.23980273,0.30385295,-0.3691658,0.16792431,0.25365436,-0.004936083,-0.22596776,-0.09784622,-0.06357351,-0.87655985,0.04238546,0.19166625,-0.76615536,-0.077421896,0.36851147,-0.40288597,-0.20897464,0.11469541,-0.073264204,-0.10881763,0.076664545,0.6005769,-0.5113625,0.19693846,0.3396922,0.2997988,-0.18883087,0.6839517,0.078503385,-0.25692108,0.052668944,0.106348194,-0.13238116,0.029356379,0.2797901,0.00625516,-0.034199055,-0.15308294,0.1948548,-0.9136336,-0.3562059,0.19530791,0.2528031,0.41445953,0.053760797,-0.024487654,-0.06909344,0.11800512,0.0029698,0.05406331,-0.019423606,-0.033518136,0.3242183,-0.17194031,-0.045286838,0.5223227,-0.03268881
QVQLVQSGAEVKKPGASVKVSCKASGYTFTDYYMHWVRQAPGQGLEWMGRVWPNGRGTTYNQKFEGRVTMTTDTSTSTAYMELRSLRSDDTAVYYCARSNLLDDWGQGTTVTVSS,0.03147058,0.170356,-0.09914875,-0.9594194,-0.013587796,-0.24787621,0.06445663,0.2434543,0.2956509,-0.36824772,0.18160503,0.24988538,-0.013937742,-0.19544907,-0.10477546,-0.061848365,-0.8692355,0.04059667,0.18350114,-0.76445043,-0.07612239,0.3703989,-0.39296988,-0.21423766,0.11701517,-0.064269595,-0.11062592,0.07481789,0.6095041,-0.49676284,0.19240634,0.32268086,0.28650576,-0.18348841,0.6945195,0.08351587,-0.2580436,0.05162058,0.10307676,-0.13271736,0.0338346,0.26958948,-0.001442948,-0.027620852,-0.15239552,0.19522376,-0.9152707,-0.3405745,0.19968124,0.24753866,0.41847172,0.052325174,-0.023656702,-0.071169354,0.12659755,-0.000711456,0.054129083,-0.019884251,-0.032754928,0.32407865,-0.16082305,-0.044722185,0.5041282,-0.024111753
QVQLVQSGAEVKKPGASVKVSCKASGYTFTDYYMHWVRQAPGQGLEWMGRVNPNGWGTTYNQKFEGRVTMTTDTSTSTAYMELRSLRSDDTAVYYCARSNLLDDWGQGTTVTVSS,0.030617906,0.16275196,-0.10153553,-0.9564467,-0.014310293,-0.25656056,0.065182194,0.24132758,0.29753736,-0.37279576,0.17196856,0.24935628,-0.007123197,-0.20448624,-0.09808528,-0.061053086,-0.8773965,0.03929503,0.18570155,-0.75816905,-0.080831304,0.3702524,-0.40593737,-0.22003825,0.11548699,-0.067696385,-0.11280008,0.06670342,0.607364,-0.5088491,0.18970051,0.32637602,0.29549882,-0.19128348,0.68329954,0.082262285,-0.2591358,0.051696703,0.10019706,-0.13268213,0.03349952,0.28142157,0.00078826,-0.02714436,-0.14923885,0.19802614,-0.9097696,-0.34939742,0.1965629,0.25588152,0.4220221,0.050836667,-0.023609802,-0.069562055,0.12153818,0.003707816,0.05010982,-0.02084593,-0.03146642,0.32302213,-0.16526493,-0.045657188,0.5220763,-0.026712306
QVQLVQSGAEVKKPGASVKVSCKASGYTFTDYYMHWVRQAPGQGLEWMGRVNPNGRGTWYNQKFEGRVTMTTDTSTSTAYMELRSLRSDDTAVYYCARSNLLDDWGQGTTVTVSS,0.034698687,0.16915855,-0.10251306,-0.9565792,-0.014786382,-0.24786177,0.062024508,0.24269077,0.29653028,-0.37061223,0.17465355,0.2522166,-0.01155966,-0.20628093,-0.09581619,-0.061195083,-0.8712245,0.040981945,0.18242152,-0.7639435,-0.07963779,0.3693818,-0.39444664,-0.21686119,0.11726976,-0.06692865,-0.11247496,0.074432045,0.6074975,-0.5033364,0.19083653,0.3232762,0.29187524,-0.18819275,0.68500507,0.08357832,-0.25836346,0.049969006,0.100372784,-0.13142776,0.033409197,0.2777417,-6.93E-05,-0.029707752,-0.15114099,0.19842404,-0.912507,-0.34553593,0.19728675,0.25411895,0.4203291,0.05214467,-0.023495302,-0.070393555,0.12456002,0.000902109,0.04992317,-0.018529622,-0.03305552,0.32425433,-0.1640895,-0.044649366,0.51238316,-0.025511442
QVQLVQSGAEVKKPGASVKVSCKASGYTFTDYYMHWVRQAPGQGLEWMGRVNPNGRGTTYNQDFEGRVTMTTDTSTSTAYMELRSLRSDDTAVYYCARSNLLDDWGQGTTVTVSS,0.040772233,0.17071897,-0.10124808,-0.957328,-0.010755386,-0.2675996,0.063850775,0.2340568,0.3043557,-0.36891335,0.16563424,0.25583157,-0.009791574,-0.21787734,-0.09588346,-0.06257026,-0.8784664,0.04195129,0.18986136,-0.76196826,-0.07762846,0.37442043,-0.40655112,-0.21419068,0.11434998,-0.07440032,-0.10758879,0.07625208,0.6035215,-0.5184112,0.19245762,0.33749485,0.29643622,-0.18756554,0.681285,0.077202566,-0.25864604,0.055340823,0.10824244,-0.1334636,0.030680241,0.28220713,0.004476688,-0.031580236,-0.14892219,0.19254732,-0.9131269,-0.35501027,0.19367221,0.25629073,0.41166806,0.052402623,-0.024159681,-0.06907877,0.11749154,0.001500359,0.05117955,-0.019354796,-0.031993248,0.32895088,-0.17179154,-0.04719489,0.5221854,-0.029431524
QVQLVQSGAEVKKPGASVKVSCKASGYTFTDYYMHWVRQAPGQGLEWMGRINPNGRGTTYNQKFEGRVTMTTDTSTSTAYMELRSLRSDDTAVYYCARSNLLDDWGQGTTVTVSS,0.035700016,0.16441712,-0.10121015,-0.9580549,-0.012741463,-0.25032443,0.061670832,0.23526827,0.30088264,-0.36588955,0.16950205,0.25402743,-0.010473801,-0.20842044,-0.09157858,-0.06146997,-0.87520546,0.040871788,0.18963096,-0.7609042,-0.08069076,0.36985198,-0.39172587,-0.21951088,0.11194783,-0.07289502,-0.11211757,0.07267645,0.5949097,-0.51220095,0.18693694,0.33680752,0.2917026,-0.18645155,0.6769118,0.08050452,-0.26081064,0.05509365,0.10144457,-0.1339502,0.031472065,0.2815806,0.004292189,-0.029405648,-0.14627023,0.1902369,-0.9133396,-0.35437375,0.1925059,0.24971238,0.43102717,0.049848482,-0.024025457,-0.0677364,0.118418105,0.001660534,0.047949668,-0.021607533,-0.031846937,0.32581997,-0.16892026,-0.047858793,0.51655984,-0.02703718
QVQLVQSGAEVKKPGASVKVSCKASGYTFTDYYMHWVRQAPGQGLEWMGRVNPNGRGTTYDQKFEGRVTMTTDTSTSTAYMELRSLRSDDTAVYYCARSNLLDDWGQGTTVTVSS,0.037343077,0.17305371,-0.097980075,-0.9593201,-0.012198377,-0.24953271,0.06411818,0.23734649,0.29890564,-0.3676822,0.18011707,0.2548803,-0.013611156,-0.20262046,-0.10102207,-0.062118992,-0.87054825,0.041342575,0.18575431,-0.7594289,-0.07690301,0.37388226,-0.39699262,-0.21631575,0.11246508,-0.06933549,-0.11154146,0.073114365,0.6077397,-0.5087918,0.19076525,0.3345867,0.28981778,-0.18359062,0.68719226,0.079507366,-0.25852942,0.054191623,0.10842009,-0.13175337,0.033784874,0.27719963,0.00227243,-0.029934565,-0.149013,0.18955483,-0.9146622,-0.35478997,0.19656296,0.2522945,0.4225281,0.052464582,-0.024042659,-0.06986311,0.119409874,-0.000362724,0.052484516,-0.024430232,-0.03127905,0.3329879,-0.17041025,-0.04617432,0.5129815,-0.024175622
QVQLVQSGAEVKKPGASVKVSCKASGYTFTDYYMHWVRQAPGQGLEWMGRVNPNGRGTTYSQKFEGRVTMTTDTSTSTAYMELRSLRSDDTAVYYCARSNLLDDWGQGTTVTVSS,0.04044287,0.1760915,-0.098372765,-0.95820844,-0.012064539,-0.24817497,0.062381424,0.23881985,0.29667783,-0.3747056,0.18068914,0.25232136,-0.013506931,-0.20958109,-0.10216245,-0.06404194,-0.87388617,0.04127888,0.19197474,-0.76424193,-0.07622017,0.3685145,-0.39390713,-0.2168015,0.11001918,-0.068739936,-0.11039413,0.07511177,0.60213995,-0.5067923,0.19232279,0.33549497,0.2944108,-0.18432893,0.68710124,0.076011635,-0.26469544,0.057496708,0.11211271,-0.1342021,0.03302028,0.2832652,0.002748254,-0.033384867,-0.15525183,0.1902262,-0.9163746,-0.3604193,0.19775355,0.25703084,0.42596966,0.054081716,-0.024427852,-0.07038652,0.12174254,-0.000733355,0.060060095,-0.025369074,-0.03390767,0.33176145,-0.16954798,-0.046133753,0.5135678,-0.026676293
QVQLVQSGAEVKKPGASVKVSCKASGYTFTDYYMHWVRQAPGQGLEWMGRVNPNGRGTTYTQKFEGRVTMTTDTSTSTAYMELRSLRSDDTAVYYCARSNLLDDWGQGTTVTVSS,0.042596824,0.17785025,-0.09891141,-0.9578399,-0.012233961,-0.25209263,0.06405676,0.23876381,0.29544565,-0.378669,0.18087667,0.25502804,-0.0121549,-0.21365435,-0.10101074,-0.06452078,-0.87164915,0.041762445,0.19402555,-0.7652198,-0.0764651,0.36972973,-0.3976225,-0.21873322,0.111838385,-0.069616,-0.11287947,0.07353826,0.6049905,-0.5119224,0.19366778,0.33727005,0.2992839,-0.18989114,0.68559813,0.07588846,-0.2633548,0.057850044,0.11431518,-0.1362303,0.032410208,0.28650245,0.004522211,-0.033404425,-0.14945729,0.19476296,-0.9156898,-0.36142433,0.20016593,0.25878155,0.42387843,0.05479919,-0.025694722,-0.06841732,0.12293803,-0.001420282,0.058572877,-0.025435233,-0.03382973,0.33514172,-0.17343584,-0.04751691,0.5149869,-0.027613556
QVQLVQSGAEVKKPGASVKVSCKASGYTFTDYYMHWVRQAPGQGLEWMGRVNPNGRGTTYNQNFEGRVTMTTDTSTSTAYMELRSLRSDDTAVYYCARSNLLDDWGQGTTVTVSS,0.042188954,0.16954726,-0.103424564,-0.9560805,-0.011717951,-0.26883262,0.06089209,0.2339086,0.30527028,-0.37232685,0.1590848,0.25395057,-0.007009652,-0.22574785,-0.091465645,-0.06321331,-0.881928,0.04204228,0.1937825,-0.76426435,-0.07970927,0.3693591,-0.40271252,-0.21398845,0.113709286,-0.07617758,-0.108673066,0.07573725,0.59645903,-0.5193754,0.19199438,0.3400976,0.30189863,-0.19133009,0.6734945,0.07614029,-0.26261604,0.056008004,0.10610558,-0.1362163,0.028640768,0.28594786,0.007693854,-0.032882754,-0.14884476,0.19567192,-0.9128908,-0.35816634,0.19174851,0.26021883,0.41611415,0.05224753,-0.02546612,-0.06842586,0.116426446,0.00327127,0.050224833,-0.018117981,-0.032985616,0.32423118,-0.17378639,-0.047981594,0.52670866,-0.0330395
QVQLVQSGAEVKKPGASVKVSCKASGYTFTDYYMHWVRQAPGQGLEWMGRVNPNGRGTTYNQRFEGRVTMTTDTSTSTAYMELRSLRSDDTAVYYCARSNLLDDWGQGTTVTVSS,0.042312242,0.17271677,-0.102729514,-0.9596722,-0.013311566,-0.25999537,0.060594466,0.2331363,0.30408695,-0.3648722,0.16962476,0.2536411,-0.010894894,-0.22294042,-0.10117911,-0.06291437,-0.8756101,0.04262813,0.19151157,-0.7666702,-0.0775361,0.36905524,-0.3901971,-0.20560767,0.113278955,-0.07313694,-0.10589639,0.076695204,0.5967073,-0.50902987,0.19101197,0.34039986,0.2921027,-0.18545975,0.68219376,0.07928776,-0.2586405,0.054512836,0.1061,-0.13499433,0.02829288,0.27652213,0.007151203,-0.032410976,-0.15088354,0.18854392,-0.9156087,-0.3546257,0.19104128,0.25292653,0.4124661,0.052310463,-0.02496066,-0.06938822,0.117802046,0.001814563,0.05536958,-0.019864373,-0.03184587,0.32586893,-0.17076279,-0.046382573,0.51684,-0.028676206
QVQLVQSGAEVKKPGASVKVSCKASGYTFTDYYMHWVRQAPGQGLEWMGRVNPNGRGTTYNQKFEGRVTMTTDTSTSTAYMELRSLRSDDTAVYYCARSNVLDDWGQGTTVTVSS,0.035999488,0.17229468,-0.09972379,-0.95804954,-0.011632221,-0.25238803,0.06288951,0.23842466,0.29936925,-0.37295666,0.17533997,0.2528007,-0.011782146,-0.21234477,-0.0977338,-0.062492598,-0.8737158,0.041166216,0.1887846,-0.7630606,-0.0782598,0.37069607,-0.39465135,-0.21696065,0.11235941,-0.071057685,-0.11139412,0.07406881,0.6024946,-0.5096003,0.19236615,0.3353953,0.29587033,-0.18802062,0.67991394,0.07900594,-0.26176068,0.05498347,0.1094488,-0.1339034,0.03226238,0.28349787,0.004952372,-0.031962987,-0.14843792,0.19320348,-0.9146517,-0.35545117,0.19612902,0.25650886,0.4279473,0.052193012,-0.025314864,-0.06880076,0.119452536,0.000122503,0.04983007,-0.022216009,-0.032628242,0.32792208,-0.17169268,-0.046938483,0.51562136,-0.028202012
QVQLVQSGAEVKKPGASVKVSCKASGYTFTDYYMHWVRQAPGQGLEWMGRVNPNGRGTTYNQKFEGRVTMTTDTSTSTAYMELRSLRSDDTAVYYCARSNLFDDWGQGTTVTVSS,0.03590418,0.17036386,-0.100258045,-0.95801425,-0.012078612,-0.25164434,0.0621079,0.23821102,0.29978812,-0.37194514,0.17385095,0.25271076,-0.011372277,-0.21403041,-0.09676132,-0.06254424,-0.8735287,0.041154526,0.1884951,-0.76253915,-0.078939654,0.36985782,-0.39361534,-0.21697126,0.11251532,-0.0705456,-0.11164578,0.07370534,0.60050154,-0.50841045,0.19104986,0.33402637,0.29394436,-0.18799324,0.6809071,0.07997581,-0.26109424,0.054500308,0.10749199,-0.13355088,0.03230212,0.28346318,0.004129817,-0.0318183,-0.14834723,0.19236133,-0.91429186,-0.35466862,0.19558626,0.25476936,0.42876467,0.051964488,-0.024425084,-0.06870579,0.11971356,0.000790982,0.049782224,-0.021782452,-0.032867167,0.3268448,-0.17104636,-0.04656086,0.51637805,-0.027319293
QVQLVQSGAEVKKPGASVKVSCKASGYTFTDYYMHWVRQAPGQGLEWMGRLNPNGRGTTYNQKFEGRVTMTTDTSTSTAYMELRSLRSDDTAVYYCARSNLLDDWGQGTTVTVSS,0.038480643,0.16375625,-0.099936165,-0.95901555,-0.013640351,-0.24693584,0.060390506,0.2344421,0.2987851,-0.36431184,0.17180027,0.25171417,-0.010283638,-0.20395727,-0.09526274,-0.06109007,-0.87560695,0.04039347,0.18955764,-0.7608275,-0.08022924,0.36845246,-0.38833073,-0.21709178,0.11036874,-0.07204224,-0.111977056,0.0714186,0.590807,-0.50794613,0.18567795,0.33820525,0.28971016,-0.18556574,0.6823301,0.080726355,-0.2613811,0.05521188,0.09966921,-0.13447489,0.031698756,0.2796224,0.004795573,-0.028120238,-0.15019807,0.18908368,-0.91313815,-0.3555119,0.19125846,0.24718577,0.4292605,0.049756873,-0.023630599,-0.068231165,0.11854552,0.00238256,0.05209053,-0.022186503,-0.031371757,0.3243962,-0.16751629,-0.047133274,0.5130885,-0.025784768
QVQLVQSGAEVKKPGASVKVSCKASGYTFTDYYMHWVRQAPGQGLEWMGRVNPNGRGTTYNQKFEGRVTMTTDTSTSTAYMELRSLRSDDTAVYYCARSNLLEDWGQGTTVTVSS,0.03602623,0.17073683,-0.100623004,-0.9582064,-0.013010079,-0.24540341,0.06221188,0.23825963,0.29792932,-0.37010294,0.17805299,0.25078535,-0.012294601,-0.20385152,-0.099179156,-0.062151764,-0.8730028,0.04117448,0.18876982,-0.7622285,-0.07863807,0.36765137,-0.38877213,-0.21697482,0.11062759,-0.07014601,-0.11280598,0.07305559,0.59642994,-0.5044493,0.18985364,0.33518007,0.29189622,-0.18388142,0.6808166,0.07999851,-0.26179937,0.054671317,0.10571903,-0.13369949,0.031898644,0.27899063,0.004230702,-0.030290628,-0.14953445,0.18985666,-0.91588384,-0.35508302,0.19500953,0.2538502,0.43087268,0.05148048,-0.024520833,-0.069461934,0.11943213,0.000648905,0.0512443,-0.024127483,-0.03207227,0.32710424,-0.17129195,-0.04636667,0.51253116,-0.027063902
QVQLVQSGAEVKKPGASVKVSCKASGYTFTDYYMHWVRQAPGQGLEWMGRVNPNGRGTTYNQKFEGRVTMTTDTSTSTAYMELRSLRSDDTAVYYCARSNLMDDWGQGTTVTVSS,0.03596448,0.17034632,-0.09886139,-0.95890194,-0.012020716,-0.25196052,0.062279597,0.23810238,0.29963648,-0.3708545,0.17610897,0.25122902,-0.010231235,-0.21104115,-0.098132215,-0.062266055,-0.8734745,0.040952493,0.1880748,-0.76214796,-0.07883914,0.36875093,-0.39235017,-0.21592122,0.11163783,-0.070640795,-0.11186328,0.073054545,0.5998108,-0.5059267,0.19143994,0.33504495,0.29421404,-0.18817349,0.6805088,0.079642124,-0.26140392,0.05416256,0.10746558,-0.13258886,0.03249261,0.2817118,0.004618954,-0.031484246,-0.14895426,0.19170362,-0.9138224,-0.3544465,0.19528796,0.25359452,0.42917702,0.051736303,-0.02507533,-0.06910069,0.11878834,0.001056598,0.049577765,-0.022710398,-0.032756936,0.32637307,-0.17089608,-0.046664268,0.51519394,-0.027699772
QVQLVQSGAEVKKPGASVKVSCKASGYTFTDYYMHWVRQAPGQGLEWMGRVNPNGRGTTYNQKFEGRVTMTTDTSTSTAYMELRSLRSDDTAVYYCARSNLLDNWGQGTTVTVSS,0.03801931,0.17063524,-0.10033251,-0.9582073,-0.012662471,-0.25172728,0.061752304,0.2375894,0.30006287,-0.37213632,0.17263933,0.2527204,-0.011342465,-0.2129668,-0.097429775,-0.06278219,-0.8740163,0.041166466,0.19049613,-0.762858,-0.079058655,0.367629,-0.39284474,-0.21869576,0.112565175,-0.07139097,-0.11246854,0.072614014,0.5983728,-0.50798804,0.19059172,0.3356606,0.2952154,-0.18845198,0.67930037,0.079195604,-0.26269528,0.055053674,0.10643423,-0.13553703,0.031865224,0.28331473,0.005333196,-0.031168966,-0.14882103,0.19451846,-0.9146965,-0.3551752,0.19525518,0.25500643,0.42890757,0.0517822,-0.024893038,-0.06853233,0.119216755,0.000832031,0.0502209,-0.0219243,-0.032582153,0.32578704,-0.17177607,-0.0475391,0.5152477,-0.028742654
QVQLVQSGAEVKKPGASVKVSCKASGYTFTDYYMHWVRQAPGQGLEWMGRVNPNGRGTTYNQKFEGRVTMTTDTSTSTAYMELRSLRSDDTAVYYCARSNLLDQWGQGTTVTVSS,0.038960923,0.17111742,-0.09996851,-0.9584565,-0.013005982,-0.24744035,0.06143589,0.23738222,0.29797578,-0.37020627,0.1758365,0.25159642,-0.011959003,-0.20740941,-0.09933341,-0.06260309,-0.87351376,0.041090738,0.19005358,-0.7623652,-0.07874571,0.3669652,-0.38945198,-0.21724363,0.11115014,-0.07114313,-0.113457024,0.072153114,0.5953119,-0.50604427,0.18946733,0.33638626,0.29436427,-0.18678348,0.6800363,0.079380244,-0.2629175,0.05508584,0.10554331,-0.13540521,0.03165471,0.2822457,0.005652184,-0.030490339,-0.14882642,0.1923851,-0.9155129,-0.3551013,0.19504848,0.2534066,0.42997673,0.051537517,-0.02474194,-0.069010906,0.119215116,0.001066582,0.05076567,-0.022885513,-0.032458056,0.32653657,-0.17164649,-0.047297828,0.5131889,-0.028064786
QVQLVQSGAEVKKPGASVKVSCKASGYTFTDYYMHWVRQAPGQGLEWMGRVNPNSRGTTYNQKFEGRVTMTTDTSTSTAYMELRSLRSDDTAVYYCARSNLLDDWGQGTTVTVSS,0.035813544,0.16658798,-0.09850697,-0.9594529,-0.011767287,-0.25190213,0.06100008,0.23050469,0.30284378,-0.36858872,0.16969194,0.24614726,-0.012340141,-0.2123125,-0.09771082,-0.06199129,-0.88213295,0.039876208,0.19103676,-0.76270634,-0.07936782,0.36650455,-0.3871604,-0.21650177,0.10917026,-0.072798945,-0.10857059,0.07326657,0.58760655,-0.5035252,0.18562636,0.33700553,0.28852934,-0.18404938,0.6786798,0.07667915,-0.26716784,0.05839584,0.105778836,-0.13571766,0.03149116,0.28111675,0.005411347,-0.030155357,-0.15294695,0.18501422,-0.9150581,-0.35284847,0.1868969,0.2570134,0.4298388,0.049451474,-0.024875382,-0.06943044,0.11668168,0.001841095,0.05245452,-0.023837512,-0.031534284,0.318859,-0.16585808,-0.04729786,0.5171346,-0.026908603
QVQLVQSGAEVKKPGASVKVSCKASGYTFTDYYMHWVRQAPGQGLEWMGRVNPEGRGTTYNQKFEGRVTMTTDTSTSTAYMELRSLRSDDTAVYYCARSNLLDDWGQGTTVTVSS,0.03201296,0.1749113,-0.09789175,-0.96032906,-0.015121698,-0.23476414,0.065668866,0.2421559,0.2946374,-0.3658771,0.19255291,0.2536573,-0.017493818,-0.18518305,-0.10726311,-0.060836222,-0.8637877,0.042692326,0.18646589,-0.7648801,-0.07450739,0.37258273,-0.38573506,-0.21536197,0.11130897,-0.06480789,-0.11151099,0.07584032,0.60898125,-0.4984762,0.19119756,0.33108875,0.279113,-0.17337145,0.6931829,0.08291311,-0.25663093,0.053202733,0.10459662,-0.13082789,0.033934332,0.26251018,0.000928844,-0.027605314,-0.15338735,0.18087853,-0.9176426,-0.35817915,0.19264318,0.24724099,0.4295063,0.051913932,-0.021615617,-0.072958365,0.120916344,-0.001591347,0.05663732,-0.02720727,-0.028697161,0.33936906,-0.16832587,-0.043882217,0.5047704,-0.01923977
QVQLVQSGAEVKKPGASVKVSCKASGYTFTDYYMHWVRQAPGQGLEWMGRVNPNGRGSTYNQKFEGRVTMTTDTSTSTAYMELRSLRSDDTAVYYCARSNLLDDWGQGTTVTVSS,0.03524118,0.16746491,-0.10075259,-0.9585151,-0.012676305,-0.24686071,0.0602155,0.23571292,0.30143937,-0.36952907,0.17300245,0.24883232,-0.012868683,-0.2115449,-0.09954293,-0.062140316,-0.87653875,0.040495817,0.18970504,-0.7627061,-0.07923172,0.36649513,-0.3887003,-0.2146749,0.10920122,-0.070822224,-0.10903191,0.073322065,0.5931858,-0.50150853,0.18909311,0.33603033,0.2901736,-0.18341628,0.6818315,0.0800984,-0.26449075,0.054702915,0.10481707,-0.1328913,0.03272934,0.27973697,0.004734267,-0.032626312,-0.15581647,0.18651499,-0.91540873,-0.35767144,0.19243333,0.2543919,0.43154082,0.051276878,-0.024068464,-0.07110871,0.11816142,0.002331347,0.053875335,-0.022413211,-0.032069374,0.32136762,-0.16709913,-0.044939615,0.5153504,-0.027256731
QVQLVQSGAEVKKPGASVKVSCKASGYTFTDYYMHWVRQAPGQGLEWMGRVNPNGRGTVYNQKFEGRVTMTTDTSTSTAYMELRSLRSDDTAVYYCARSNLLDDWGQGTTVTVSS,0.037162967,0.17524932,-0.10143129,-0.9564575,-0.013498576,-0.24811049,0.06384636,0.24301676,0.29854384,-0.37198523,0.17787346,0.25698274,-0.013699221,-0.20523882,-0.096954875,-0.06367514,-0.8699869,0.041909814,0.18638858,-0.760161,-0.07832238,0.37064388,-0.39974043,-0.2189592,0.1145129,-0.06908928,-0.113073185,0.07435134,0.6114705,-0.5112287,0.19297817,0.33076212,0.2958928,-0.18276733,0.6795304,0.0789599,-0.26040754,0.05253576,0.106777966,-0.13165417,0.03391156,0.2804755,0.001148163,-0.030886842,-0.14756739,0.19555709,-0.91508603,-0.35519508,0.20044816,0.25728866,0.42585585,0.053372882,-0.024145631,-0.07076538,0.12021638,-3.45E-05,0.05003285,-0.02326688,-0.033228308,0.33307362,-0.17283244,-0.045723554,0.51641524,-0.027134048
QVQLVQSGAEVKKPGASVKVSCKASGYTFTDYYMHWVRQAPGQGLEWMGRVNPNGRGTTYQQKFEGRVTMTTDTSTSTAYMELRSLRSDDTAVYYCARSNLLDDWGQGTTVTVSS,0.042898852,0.17307772,-0.09685818,-0.96081024,-0.014210667,-0.23932028,0.06176726,0.23677474,0.29344767,-0.36950338,0.18380414,0.25035122,-0.012317253,-0.20232306,-0.10669173,-0.06266874,-0.87314945,0.040935993,0.19325098,-0.76459384,-0.07644768,0.36579368,-0.3848325,-0.215131,0.10742801,-0.07112558,-0.11290626,0.07177946,0.59251994,-0.50151265,0.18855728,0.339612,0.2911166,-0.1852697,0.69003063,0.07952099,-0.2641557,0.05702792,0.10392913,-0.13576558,0.032969486,0.278632,0.007352755,-0.030271534,-0.1549053,0.18634881,-0.9167274,-0.36140612,0.1936354,0.25026003,0.43005127,0.05192469,-0.024202902,-0.07079151,0.12029403,0.001239726,0.05964018,-0.02500522,-0.03129134,0.3297096,-0.168672,-0.04635069,0.5088505,-0.025092084
QVQLVQSGAEVKKPGASVKVSCKASGYTFTDYYMHWVRQAPGQGLEWMGRVNPNGRGTTYGQKFEGRVTMTTDTSTSTAYMELRSLRSDDTAVYYCARSNLLDDWGQGTTVTVSS,0.03859421,0.17495659,-0.096841805,-0.95894706,-0.011504008,-0.24737963,0.062366076,0.24406539,0.2950626,-0.37321255,0.18401547,0.25450787,-0.010238485,-0.21034695,-0.10456165,-0.063537724,-0.8672881,0.041343797,0.18855333,-0.76353544,-0.07596514,0.37060875,-0.3964543,-0.21386595,0.11100698,-0.068231486,-0.11274694,0.07342027,0.607572,-0.5058216,0.19501999,0.33521342,0.29639947,-0.18778709,0.6914925,0.079338446,-0.2580476,0.053478215,0.111951776,-0.13150121,0.03357374,0.2825425,0.003944368,-0.033787705,-0.15287653,0.1927787,-0.91544414,-0.3602868,0.2020054,0.25011075,0.42695636,0.054381873,-0.024295349,-0.0698981,0.122169636,4.04E-05,0.057835683,-0.024619864,-0.034036294,0.33318457,-0.17112432,-0.044783764,0.51250404,-0.02685132
QVQLVQSGAEVKKPGASVKVSCKASGYTFTDYYMHWVRQAPGQGLEWMGRVNPNGRGTTYEQKFEGRVTMTTDTSTSTAYMELRSLRSDDTAVYYCARSNLLDDWGQGTTVTVSS,0.03419257,0.17523627,-0.09779538,-0.9603221,-0.01427628,-0.23797004,0.06537804,0.23977755,0.29524544,-0.36684608,0.1896359,0.25370285,-0.014954768,-0.19511709,-0.103974335,-0.061762016,-0.8675497,0.04241036,0.1892754,-0.76525426,-0.07483509,0.3703821,-0.386513,-0.21534759,0.10962293,-0.06713542,-0.11217151,0.07583643,0.6037465,-0.5018264,0.19052802,0.333844,0.28525597,-0.17745611,0.68958807,0.08194293,-0.25923836,0.055345956,0.107259266,-0.13178366,0.03338706,0.26879263,0.003552938,-0.029451195,-0.15316018,0.1814893,-0.9177933,-0.35995853,0.19339876,0.25006807,0.42963135,0.052035227,-0.02286607,-0.07247222,0.1207348,-0.000676554,0.057407297,-0.027324013,-0.029852849,0.33714813,-0.1691225,-0.045188043,0.5086742,-0.022129541
QVQLVQSGAEVKKPGASVKVSCKASGYTFTDYYMHWVRQAPGQGLEWMGRVNPNGLGTTYNQKFEGRVTMTTDTSTSTAYMELRSLRSDDTAVYYCARSNGLDYWGQGTTVTVSS,0.03300803,0.16475807,-0.1008016,-0.9569594,-0.012340575,-0.25531015,0.065117195,0.24048932,0.29889914,-0.37086207,0.172531,0.2529166,-0.007446138,-0.20871404,-0.09907056,-0.0632111,-0.8803449,0.039926324,0.19287156,-0.7604509,-0.079068795,0.37094903,-0.40444458,-0.22185096,0.11424442,-0.071343616,-0.11253097,0.067413345,0.60320175,-0.51643515,0.1917537,0.33238187,0.299173,-0.19135971,0.67943776,0.079080574,-0.26237586,0.0553836,0.100966856,-0.13610457,0.03337792,0.28402045,0.004181597,-0.028564993,-0.14729266,0.19898802,-0.9144069,-0.35475692,0.19663188,0.25564292,0.4303861,0.05153807,-0.024587061,-0.070730396,0.11999809,0.003437382,0.04874862,-0.021574695,-0.030722113,0.32527056,-0.16683894,-0.04803336,0.5250998,-0.02932763
QVQLVQSGAEVKKPGASVKVSCKASGYTFTDYYMHWVRQAPGQGLEWMGRVNPNGRGTTYNQKFEGRVTMTTDTSTSTAYMELRSLRSDDTAVYYCARSNKLDYWGQGTTVTVSS,0.03572419,0.17235258,-0.100510225,-0.9584085,-0.012607715,-0.24546343,0.062768176,0.23856352,0.29770812,-0.37318227,0.17605698,0.2532683,-0.013334642,-0.21303974,-0.099914,-0.062057305,-0.8703071,0.040996112,0.18830754,-0.76316744,-0.07976136,0.36965102,-0.38845158,-0.21891113,0.11247476,-0.069477275,-0.11256835,0.07111288,0.6021735,-0.5055472,0.19086915,0.33305314,0.29440826,-0.18993579,0.6796798,0.08143131,-0.262044,0.05386864,0.10938495,-0.13513319,0.03249089,0.28561938,0.004753221,-0.03156993,-0.14688528,0.19483899,-0.9154996,-0.35452124,0.19722705,0.25477546,0.43412757,0.051738936,-0.025055805,-0.06811783,0.12066799,8.15E-05,0.048108168,-0.021469884,-0.03281287,0.32674533,-0.1729588,-0.047239598,0.5125495,-0.027500356
QVQLVQSGAEVKKPGASVKVSCKASGYTFTDYYMHWVRQAPGQGLEWMGRVNPNGRGTTYNQKFEGRVTMTTDTSTSTAYMELRSLRSDDTAVYYCARMNLLDDWGQGTTVTVSS,0.0347545,0.16773841,-0.10290628,-0.95711005,-0.01361294,-0.24468088,0.062211867,0.2366725,0.29669604,-0.36620066,0.1751263,0.25311846,-0.011118232,-0.20383948,-0.099741414,-0.06253987,-0.87244785,0.040841606,0.1865886,-0.75928175,-0.07936689,0.36714447,-0.3899894,-0.21540563,0.11091458,-0.07071593,-0.114259645,0.06951724,0.5982435,-0.50776136,0.18720065,0.33484894,0.29120353,-0.18253218,0.6817244,0.08074288,-0.25890198,0.05348467,0.104114994,-0.13198937,0.03265525,0.2780292,0.002784936,-0.029514043,-0.14708427,0.18870692,-0.9155133,-0.3544928,0.19657457,0.25090507,0.42902526,0.050951287,-0.02470295,-0.06934368,0.11969411,0.001134199,0.05186761,-0.025783055,-0.031086978,0.32621366,-0.17096315,-0.04657329,0.51399016,-0.026256377
QVQLVQSGAEVKKPGASVKVSCKASGYTFTDYYMHWVRQAPGQGLEWMGRVNPNGRGTTYNQKFEGRVTMTTDTSTSTAYMELRSLRSDDTAVYYCARQNLLDDWGQGTTVTVSS,0.03856998,0.17050347,-0.10016973,-0.95815504,-0.013074071,-0.24820057,0.063171566,0.23697808,0.29745,-0.37014043,0.17536576,0.25291604,-0.011606531,-0.20545408,-0.09738158,-0.06203386,-0.8721436,0.04128084,0.1888437,-0.7612822,-0.0794705,0.36958292,-0.39210603,-0.2175176,0.111514166,-0.072084434,-0.11356081,0.07222834,0.5979014,-0.5072197,0.18960515,0.3357133,0.29474086,-0.18878701,0.68119687,0.081013635,-0.2614936,0.054359093,0.106098734,-0.13442244,0.03283086,0.2820112,0.005618676,-0.030014344,-0.14762923,0.190958,-0.91454965,-0.35596913,0.19587773,0.25280046,0.4289213,0.051565252,-0.024974285,-0.069280766,0.11967286,0.001452486,0.050473984,-0.022718007,-0.032018848,0.32793757,-0.17218393,-0.046510436,0.5144166,-0.02673396
QVQLVQSGAEVKKPGASVKVSCKASGYTFTDYYMHWVRQAPGQGLEWMGRVNPNGRGTTYNQKFEGRVTMTTDTSTSTAYMELRSLRSDDTAVYYCARANKLDFWGQGTTVTVSS,0.035248563,0.17066792,-0.10183387,-0.9570257,-0.01257445,-0.2406024,0.06296764,0.23864178,0.29706097,-0.370607,0.17567089,0.25455344,-0.0126795,-0.21077284,-0.0988626,-0.06219563,-0.86843973,0.041061293,0.18708068,-0.7594005,-0.0793907,0.36834037,-0.38920692,-0.22011466,0.11082567,-0.06943401,-0.114273496,0.069762014,0.5992088,-0.50855106,0.18819804,0.335569,0.29427764,-0.18801853,0.6808779,0.0809839,-0.25891757,0.05393151,0.10723382,-0.13382168,0.0317274,0.2860289,0.004358348,-0.031089066,-0.14580521,0.192969,-0.9155609,-0.35676637,0.19797146,0.25519642,0.4335745,0.05170059,-0.02451323,-0.06834299,0.12073877,0.00083591,0.04844907,-0.02470984,-0.031940166,0.3288196,-0.17377658,-0.04743438,0.51297796,-0.027233629
QVQLVQSGAEVKKPGASVKVSCKASGYTFTDYYMHWVRQAPGQGLEWMGRVNPNGRGTTYNQKFEGRVTMTTDTSTSTAYMELRSLRSDDTAVYYCARANTLDFWGQGTTVTVSS,0.037947614,0.17075342,-0.103610836,-0.9562783,-0.013005065,-0.24694608,0.062834166,0.23824252,0.29870266,-0.37121925,0.17269169,0.25517166,-0.011258748,-0.21513589,-0.09949487,-0.06323481,-0.87265086,0.04126818,0.18978971,-0.76074785,-0.07920353,0.36761922,-0.3934554,-0.2194203,0.112221986,-0.07091308,-0.113546185,0.069858305,0.5995634,-0.5144276,0.18928939,0.33749807,0.29725382,-0.1884464,0.67937714,0.077874206,-0.2594434,0.054990675,0.1064286,-0.13565284,0.030563818,0.28572732,0.005119312,-0.030993959,-0.14586784,0.19635186,-0.9153222,-0.35838878,0.19721292,0.2582073,0.4271887,0.052053377,-0.024535714,-0.06872953,0.12007125,0.00117568,0.05053585,-0.02390499,-0.031731773,0.32820725,-0.1731251,-0.047968894,0.51664394,-0.028967181
QVQLVQSGAEVKKPGASVKVSCKASGYTFTDYYMHWVRQAPGQGLEWMGRVNPNGSGTTYNQKFEGRVTMTTDTSTSTAYMELRSLRSDDTAVYYCARSNALDVWGQGTTVTVSS,0.034757305,0.16995631,-0.10175782,-0.9543279,-0.009987263,-0.2589421,0.066505976,0.23934416,0.29833043,-0.38088316,0.17190495,0.2521687,-0.011117654,-0.21269014,-0.0965302,-0.06427963,-0.87932134,0.03975112,0.19556843,-0.7612691,-0.0778283,0.3674224,-0.40748203,-0.22871411,0.113008924,-0.07045364,-0.11134072,0.067700595,0.60243607,-0.51845217,0.19447355,0.33672482,0.30601716,-0.19332075,0.67770284,0.0757235,-0.26660278,0.05780171,0.10969657,-0.1389438,0.032059472,0.29423627,0.004756407,-0.031733654,-0.14968304,0.20183255,-0.91420823,-0.35995597,0.19940919,0.26482108,0.42940512,0.05281589,-0.025404654,-0.06917896,0.12076229,0.000890678,0.05095074,-0.023725394,-0.03229518,0.3269021,-0.17107786,-0.049833577,0.52255714,-0.033754136
QVQLVQSGAEVKKPGASVKVSCKASGYTFTDYYMHWVRQAPGQGLEWMGRVNPNGKGTTYNQKFEGRVTMTTDTSTSTAYMELRSLRSDDTAVYYCARSNALDIWGQGTTVTVSS,0.028743755,0.17016885,-0.1003464,-0.95463127,-0.012013705,-0.23349705,0.065491386,0.24511735,0.28965542,-0.38172066,0.18399777,0.25279614,-0.0141834,-0.19642054,-0.10059211,-0.06283592,-0.86999524,0.03893792,0.18836977,-0.756644,-0.0800553,0.368914,-0.3959364,-0.23332892,0.11125285,-0.067095414,-0.119550526,0.062921576,0.6080338,-0.511017,0.19236024,0.33147252,0.30101135,-0.19143514,0.67879117,0.07882842,-0.26423022,0.054328095,0.1096153,-0.13632536,0.035763074,0.2922677,0.003427664,-0.030583076,-0.14529783,0.20091306,-0.9146141,-0.3614781,0.205037,0.2605902,0.44459054,0.052139893,-0.02514088,-0.06820741,0.1230366,-0.00158058,0.048410974,-0.028405238,-0.032076426,0.33042985,-0.17182116,-0.04863693,0.5123946,-0.028394012
QVQLVQSGAEVKKPGASVKVSCKASGYTFTDYYMHWVRQAPGQGLEWMGRVNPNGKGTTYNQKFEGRVTMTTDTSTSTAYMELRSLRSDDTAVYYCARSNALDTWGQGTTVTVSS,0.030874398,0.17200057,-0.09646406,-0.9568195,-0.011266906,-0.23693389,0.066154815,0.24498574,0.29033664,-0.3838886,0.18660961,0.25096616,-0.013204881,-0.19970289,-0.099376135,-0.06161888,-0.8701983,0.03883708,0.18934289,-0.75789934,-0.07933651,0.37057358,-0.39652246,-0.2337729,0.11047707,-0.067554325,-0.11832395,0.06470061,0.6086037,-0.5087599,0.19414043,0.33362904,0.30268037,-0.19560905,0.6796215,0.078551,-0.26589018,0.05526836,0.11219945,-0.13659015,0.03596151,0.29427043,0.005715408,-0.030600455,-0.1461968,0.20042683,-0.91283405,-0.3623167,0.20429274,0.26016852,0.4449959,0.052438483,-0.025734147,-0.067685425,0.122320026,-0.002211451,0.047813162,-0.027231948,-0.032478545,0.33164087,-0.17222573,-0.04913666,0.5115189,-0.028229112
QVQLVQSGAEVKKPGASVKVSCKASGYTFTDYYMHWVRQAPGQGLEWMGRVNPNGRKTTYNQKFEGRVTMTTDTSTSTAYMELRSLRSDDTAVYYCARSNSLDVWGQGTTVTVSS,0.029111695,0.17132626,-0.099546514,-0.95904565,-0.012433548,-0.23291583,0.06227667,0.23784526,0.29904777,-0.37223846,0.18128772,0.24847037,-0.018667683,-0.2033023,-0.10413299,-0.06261284,-0.86997217,0.039745823,0.18707651,-0.7599663,-0.079636395,0.36630926,-0.38000804,-0.22409771,0.11049573,-0.06878639,-0.11336941,0.07050789,0.59474427,-0.4962439,0.18845388,0.33208567,0.28761068,-0.18297228,0.6775906,0.08042912,-0.2668558,0.055679318,0.107693136,-0.13575198,0.034022428,0.28063777,0.003463646,-0.029919345,-0.14847693,0.19059286,-0.9185989,-0.3520572,0.1955176,0.2585915,0.445325,0.05045028,-0.025894143,-0.07060565,0.120086335,-0.000620365,0.046130072,-0.026906934,-0.031426784,0.32266024,-0.16836008,-0.047984246,0.50666595,-0.02609124
QVQLVQSGAEVKKPGASVKVSCKASGYTFTDYYMHWVRQAPGQGLEWMGRVNPNGRVTTYNQKFEGRVTMTTDTSTSTAYMELRSLRSDDTAVYYCARSNSLDVWGQGTTVTVSS,0.040166736,0.18245433,-0.10337853,-0.95598173,-0.013725836,-0.24434763,0.06525296,0.23863176,0.2991292,-0.37382373,0.17882384,0.25779864,-0.017231254,-0.20862171,-0.10108317,-0.064665064,-0.8724431,0.042356722,0.18924974,-0.76168364,-0.07703269,0.36750197,-0.3938232,-0.22345437,0.11391656,-0.07030713,-0.1131211,0.074058026,0.6079695,-0.51411825,0.19148631,0.33260292,0.29582986,-0.18094157,0.67533606,0.074044995,-0.26505244,0.05688322,0.10877179,-0.13538781,0.032226123,0.28214648,0.000821356,-0.03123097,-0.14613931,0.19627678,-0.91750705,-0.35674655,0.1964017,0.26783994,0.4242987,0.053563435,-0.025648693,-0.07188561,0.11995738,-0.001977045,0.048684977,-0.025885379,-0.032250244,0.3361883,-0.17426246,-0.049509693,0.5138055,-0.028412439
QVQLVQSGAEVKKPGASVKVSCKASGYTFTDYYMHWVRQAPGQGLEWMGRVNPNGGGTTYNQKFEGRVTMTTDTSTSTAYMELRSLRSDDTAVYYCARSNGLDTWGQGTTVTVSS,0.03235279,0.16934201,-0.09932103,-0.955432,-0.008679446,-0.26303807,0.06669006,0.24736337,0.29817748,-0.3837862,0.17553043,0.25225613,-0.006096365,-0.22072399,-0.09757275,-0.06342168,-0.87442416,0.04028715,0.19772321,-0.76570153,-0.077147976,0.36700708,-0.40985182,-0.22709796,0.11330721,-0.06960413,-0.11171539,0.070309296,0.60687906,-0.5115478,0.20171735,0.33775228,0.3094934,-0.19846644,0.6823963,0.07962332,-0.26381925,0.055630762,0.11014057,-0.13593087,0.033192288,0.2924615,0.005238868,-0.03462496,-0.15216856,0.20438844,-0.91346425,-0.3607495,0.20314996,0.25772756,0.4346041,0.05456343,-0.025528247,-0.06922641,0.12283005,-3.26E-06,0.051483713,-0.02060528,-0.034369387,0.32696447,-0.17142668,-0.048078585,0.52080524,-0.036025576
QVQLVQSGAEVKKPGASVKVSCKASGYTFTDYYMHWVRQAPGQGLEWMGRVNPNGKGTTYNQKFEGRVTMTTDTSTSTAYMELRSLRSDDTAVYYCARSNALDLWGQGTTVTVSS,0.030337047,0.17078625,-0.09946538,-0.95524114,-0.012288345,-0.23284493,0.06520398,0.24461654,0.28948525,-0.38161096,0.1853616,0.25222442,-0.014164981,-0.19542427,-0.10064563,-0.0626607,-0.8703838,0.038864493,0.18827914,-0.75614303,-0.07990518,0.369124,-0.3957225,-0.23285039,0.11052569,-0.06718222,-0.11973164,0.063181855,0.60727733,-0.51034224,0.19219637,0.3322546,0.30075753,-0.19108088,0.6794988,0.0785188,-0.26483658,0.054436628,0.10968031,-0.13622853,0.035968,0.2920992,0.004015166,-0.030228974,-0.14587218,0.20009007,-0.91430295,-0.3624365,0.20470884,0.2606371,0.4440628,0.05225992,-0.025184331,-0.06855393,0.12250733,-0.001595033,0.0488397,-0.028579002,-0.0320363,0.3308148,-0.17143017,-0.048511315,0.51192504,-0.02801403
QVQLVQSGAEVKKPGASVKVSCKASGYTFTDYYMHWVRQAPGQGLEWMGRVNPNYGDTTYNQKFEGRVTMTTDTSTSTAYMELRSLRSDDTAVYYCARSNLLDDWGQGTTVTVSS,0.028019411,0.15972656,-0.104000024,-0.9572388,-0.013101527,-0.26686814,0.06906078,0.22732574,0.30692834,-0.368974,0.159311,0.25305423,-0.013430264,-0.21502356,-0.09864198,-0.059675798,-0.8836607,0.038628947,0.18591897,-0.75623614,-0.08567913,0.379408,-0.41008213,-0.21972781,0.11875325,-0.07319717,-0.1070624,0.061645612,0.6115387,-0.51948506,0.18801896,0.3286574,0.29627767,-0.19355157,0.66702545,0.084372945,-0.26125595,0.052192576,0.106279664,-0.13771497,0.03308081,0.28471673,0.006799661,-0.022861548,-0.13923503,0.19500938,-0.9112767,-0.34940302,0.19053684,0.26192784,0.42239687,0.04718216,-0.025688507,-0.069619074,0.11502054,0.004451661,0.042925358,-0.019300152,-0.026044179,0.31850326,-0.16830853,-0.048090532,0.5343197,-0.02618121
QVQLVQSGAEVKKPGASVKVSCKASGYTFTDYYMHWVRQAPGQGLEWMGRVNPNKGETTYNQKFEGRVTMTTDTSTSTAYMELRSLRSDDTAVYYCARSNLLDDWGQGTTVTVSS,0.021830829,0.16602717,-0.096850894,-0.9588548,-0.013114683,-0.22945032,0.06762209,0.23981646,0.2919622,-0.37225384,0.18833776,0.24713871,-0.01613145,-0.18349633,-0.097994864,-0.059211954,-0.8713709,0.03938035,0.18676914,-0.7598813,-0.07934826,0.37051028,-0.3846249,-0.23051085,0.108289056,-0.067451954,-0.11655653,0.07038598,0.5982274,-0.49706274,0.1874043,0.32769933,0.28351793,-0.18109453,0.68057126,0.08385626,-0.26506427,0.05532049,0.104902536,-0.13372791,0.036267135,0.27404964,0.003031185,-0.026072867,-0.15103377,0.1821673,-0.91616243,-0.35640958,0.19085875,0.25380874,0.45047736,0.048214708,-0.022705661,-0.071285516,0.12072419,-0.000194488,0.046821263,-0.029369446,-0.028237803,0.32937178,-0.16598623,-0.047180615,0.5089749,-0.020910652
